,title,y,upload_date,view_count,query
0,Assessing Federated Machine Learning's Potential for Transforming KYC/AML,0,2020-10-26,1,machine+learning
1,Alexa: Which is the Best Instance to Run Machine Learning Inference? - AWS Online Tech Talks,1,2020-10-26,28,machine+learning
2,Tesla vs comma.ai approach to machine learning | George Hotz and Lex Fridman,0,2020-10-26,1,machine+learning
3,Explore Machine Learning Models with Explainable AI Challenge Lab ‚úÖ #GSP324üî¥ #Qwiklabs ‚úÖ#GoogleCloud,1,2020-10-26,8,machine+learning
4,8. Deep Learning Tutorial (Bengali) | Padding in CNN | Convolutional Neural Network | Data Science,0,2020-10-26,16,machine+learning
5,AI Chihuahua: Why Machine Learning is Dogged by Failure and Delays - Ian Hellstr√∂m (D2iQ),1,2020-10-26,2,machine+learning
6,Directions in ML: AutoML & Interpretability: Powering the machine learning revolution in healthcare,1,2020-10-26,258,machine+learning
7,Machine Learning with lobe.ai for Pumpkin Classification,0,2020-10-26,45,machine+learning
8,Machine Learning for Sustainable Agriculture,1,2020-10-26,79,machine+learning
9,Introduction to Machine Learning  - AI Master Class series Day 22,0,2020-10-26,4,machine+learning
10,SimCLR - Contrastive Learning of visual representations #machineLearning #AI,0,2020-10-26,9,machine+learning
11,"Waa maxay Artificial Intelligence (AI), Machine Learning (ML) & Deep Learning (DL)",1,2020-10-26,15,machine+learning
12,Solving with AWS Solutions: Predictive Maintenance Using Machine Learning,1,2020-10-26,441,machine+learning
13,Introduction to Machine Learning Solution | Week-6 Assignment Solution | NPTEL Jul-Dec 2020 | NPTEL,0,2020-10-26,3,machine+learning
14,"Convolution padding and stride | Deep Learning Tutorial 25 (Tensorflow2.0, Keras & Python)",0,2020-10-26,224,machine+learning
15,New AI and Machine Learning Research | The Rise of the Data Scientist,0,2020-10-26,19,machine+learning
16,üé• DataCamp - Machine Learning with Python Track Review [Arabic]ŸÖÿ±ÿßÿ¨ÿπÿ© ŸÖÿ≥ÿßÿ± ÿßŸÑÿ™ÿπŸÑŸÖ ÿßŸÑÿ¢ŸÑÿ© ŸÖŸÜ ÿØÿßÿ™ÿßŸÉÿßŸÖÿ®,0,2020-10-26,14,machine+learning
17,Lecture 6 - Neural Networks - COMP0169: Machine Learning for Visual Computing 20-21 - UCL,0,2020-10-26,4,machine+learning
18,Swiss Smart Factory Deep Dive: Machine Learning,1,2020-10-26,11,machine+learning
19,02 Introduction To Deep Learning:  How Artificial Intelligence Works,0,2020-10-26,1,machine+learning
20,Machine Learning aplicada a Sistemas Auto-adaptativos,0,2020-10-26,15,machine+learning
21,Introducing Lobe  |  Build your first machine learning model in ten minutes.,0,2020-10-26,135,machine+learning
22,Adam Menges ‚Äî Lobe: Machine Learning Made Simple ¬∑¬†Getting Simple Interview,0,2020-10-26,14,machine+learning
23,Introduction To Data Analytics | Step 5: Data Modelling for Machine Learning,0,2020-10-26,3,machine+learning
24,Learn Machine Learning with Python,0,2020-10-26,1,machine+learning
25,Machine Learning Applications in Antenna Design,1,2020-10-26,275,machine+learning
26,Classify Scanned and fully text PDF document In Machine Learning - Demo,0,2020-10-26,51,machine+learning
27,ARTIFICIAL INTELLIGENCE AND MACHINE LEARNING.,0,2020-10-25,49,machine+learning
28,"Tesla Dojo, TPU, NVIDIA & hardware optimized for machine learning | George Hotz and Lex Fridman",0,2020-10-25,10,machine+learning
29,Resident Evil Remastered Opening - Director's Cut  | AI Machine Learning,0,2020-10-25,116,machine+learning
30,Machine Learning on Godot Game Engine,1,2020-10-25,189,machine+learning
31,"MUST KNOW Time Series Analysis in Statistics and Machine Learning [ARIMA, LSTM, MLSTM-FCN, Finance]",0,2020-10-25,73,machine+learning
32,VIS 2020: MLUI 2020: Machine Learning from User Interaction for Visualization and Analytics,0,2020-10-25,464,machine+learning
33,Artificial Intelligence | Machine Learning | AI in Robots | Explained In Hindi In 10 Mins |,0,2020-10-25,13,machine+learning
34,Machine learning free Udemy Certificate Course | Deep learning free certificate Course #shorts,0,2020-10-25,1,machine+learning
35,Sign Language To Text üî• Machine Learning College Project,1,2020-10-25,1,machine+learning
36,7. Deep Learning Tutorial (Bengali) | Data Augmentation in CNN & Deep Learning | Data Science Course,0,2020-10-25,39,machine+learning
37,"Why legitimizing AI incurs great cost ‚Äì from Coursera's ""Machine Learning for Everyone""",0,2020-10-25,1,machine+learning
38,Machine-Learning Device for In-Home Detection and Diagnosis of COVID-19 Patients' Health,1,2020-10-25,31,machine+learning
39,Automated Image Captioning using keras | machine learning project | #Shorts,1,2020-10-25,58,machine+learning
40,Is machine learning sustainable?,0,2020-10-25,24,machine+learning
41,Machine Learning Methods,0,2020-10-25,12,machine+learning
42,"50% Off on Python, Data Science, Machine Learning, etc. | From Nov 2nd | Codegnan",0,2020-10-25,55,machine+learning
43,11.post.06 ¬´ Outro: Arnab Bhattacharyya ¬´ Machine Learning ¬´ NUS School of Computing,0,2020-10-25,2,machine+learning
44,10.in.02 ¬´ Week 10: Ask Me Anything ¬´ Machine Learning ¬´ NUS School of Computing,0,2020-10-25,4,machine+learning
45,Python for Machine learning Lecture 2,0,2020-10-25,12,machine+learning
46,Machine Learning Models- Weekly Session Live,0,2020-10-24,260,machine+learning
47,‡∏°‡∏≠‡∏á‡πÇ‡∏•‡∏Å ‡∏°‡∏≠‡∏á‡πÑ‡∏ó‡∏¢ - 'Python' ‡∏†‡∏≤‡∏©‡∏≤‡πÄ‡∏ö‡∏∑‡πâ‡∏≠‡∏á‡∏ï‡πâ‡∏ô‡∏™‡∏≥‡∏´‡∏£‡∏±‡∏ö Machine Learning,0,2020-10-24,6,machine+learning
48,"Difference between Artificial Intelligence, Machine Learning, Deep learning and Data Science",0,2020-10-24,110,machine+learning
49,Precision and Recall - Problems / KTU / Machine learning,0,2020-10-24,2,machine+learning
50,Welcome: Machine Learning From Data (Rensselaer Fall 2020),0,2020-10-24,7,machine+learning
51,Deep Learning Cloud with Filecoin,0,2020-10-24,1,machine+learning
52,Webinar Series 3: Machine Learning for Information Extraction in Big Data Era,0,2020-10-24,99,machine+learning
53,Top 10 Machine Learning Algorithms For Data Scientists,0,2020-10-24,464,machine+learning
54,Day 4 | Pantech Learnathon on Python for Machine Learning | Panimalar Institute of Technology,0,2020-10-24,716,machine+learning
55,"Dismantling the lie of artificial intelligence ‚Äì from Coursera's ""Machine Learning for Everyone""",0,2020-10-24,34,machine+learning
56,Empire Earth Trailer | 8K Remaster with AI Machine Learning,0,2020-10-24,3,machine+learning
57,Image classification using CNN (CIFAR10 dataset) | Deep Learning Tutorial 24 (Tensorflow & Python),0,2020-10-24,2,machine+learning
58,Tutorial 1- Introduction To Julia Programming  Language For Machine Learning,0,2020-10-24,6,machine+learning
59,iphone price prediction in python|machine learning projects in telugu|machine learning in telugu,1,2020-10-24,27,machine+learning
60,Machine Learning introduction,0,2020-10-24,8,machine+learning
61,What is Machine Learning? | Machine Learning Tutorials for Beginners | Letstute,0,2020-10-24,722,machine+learning
62,Reinforcement Learning in Artificial Intelligence,1,2020-10-24,3,machine+learning
63,#TWIMLfest: Fundamentals of Medical Image Processing for Deep Learning,1,2020-10-23,81,machine+learning
64,We Are Not Machines - Machine Learning Poem x For Wisconsin,0,2020-10-23,26,machine+learning
65,Workflows for Data Scientists and Machine Learning #MLOps,0,2020-10-23,721,machine+learning
66,"Magnimind Academy - Educating curiosity! - (Data Science, Machine Learning, AI, Python Bootcamp)",0,2020-10-23,12,machine+learning
67,üé•Udemy -Data Science and Machine Learning in Python Review[English],0,2020-10-23,41,machine+learning
68,Protecting Privacy While Sharing Biomedical Data for Machine Learning,0,2020-10-23,694,machine+learning
69,Boost your applications with in-database spatial & Machine Learning | Mathias Kemeter | SAP,0,2020-10-23,57,machine+learning
70,"TensorDash- How To Monitor Your Deep Learning Model Metrics, Loss, Accuracy Using Mobile App",0,2020-10-23,2,machine+learning
71,"Do the word AI, Machine Learning, Deep Learning Tickle your Intellectual Hunger?",0,2020-10-23,12,machine+learning
72,Hum Sing Whistle to find ANY song in 2020 using Machine Learning! üá±üá∞,0,2020-10-23,125,machine+learning
73,Principal Component Analysis (PCA) || Machine Learning || Learnbay.co,0,2020-10-23,30,machine+learning
74,Machine learning course | How ML works? | Types | Algorithm | Theoretical concept into program,0,2020-10-23,41,machine+learning
75,#TWIMLfest: Office Hours - Reinforcement Learning,0,2020-10-23,195,machine+learning
76,NeurIPS 2020: Probabilistic Linear Solvers for Machine Learning,0,2020-10-23,169,machine+learning
77,Interview question on SVMs for Machine Learning roles.,0,2020-10-22,1,machine+learning
78,Machine Learning in Environmental Science and Prediction: An Overview | AISC,0,2020-10-22,124,machine+learning
79,Machine Learning Foundations/Techniques: Logistic Regression (2/2),0,2020-10-22,999,machine+learning
80,Battery Modelling using Data-Driven Machine Learning | AISC,1,2020-10-22,121,machine+learning
81,Machine Learning com Carla Vieira // Live #65,0,2020-10-22,1,machine+learning
82,Deep Learning - Lecture 2.1,0,2020-10-22,88,machine+learning
83,22. Regulation of Machine Learning / Artificial Intelligence in the US,0,2020-10-22,535,machine+learning
84,10. Application of Machine Learning to Cardiac Imaging,1,2020-10-22,3,machine+learning
85,13. Machine Learning for Mammography,1,2020-10-22,81,machine+learning
86,The role of Artificial Intelligence and Machine Learning (AI/ML) in the 6G design and operation,0,2020-10-22,52,machine+learning
87,"ICTP-EAIFR Colloquium on ""Machine learning and molecular dynamics""",0,2020-10-22,562,machine+learning
88,Smart Expense Management using Machine Learning,0,2020-10-22,130,machine+learning
89,Talking Data Episode #14: Alternative Data and Machine Learning,0,2020-10-22,349,machine+learning
90,Python Machine Learning for Beginners (data types and variables) | TensorFlow Lite Android Tutorial,0,2020-10-22,164,machine+learning
91,Machine Learning Community Standup - ML.NET in VS Code,0,2020-10-21,451,machine+learning
92,Roadmap for Training an Algorithm| Machine Learning Tutorial| Ankush Singla,0,2020-10-21,742,machine+learning
93,Kartik Chaudhari on Applying Machine Learning in Industry | The Tech Ketchup Show 07,1,2020-10-21,186,machine+learning
94,Practical Deep Learning for Coders - Full Course from fast.ai and Jeremy Howard,0,2020-10-21,43,machine+learning
95,free course with certificate | Google free Webinar | cloud | machine learning | big data | ml,0,2020-10-21,16,machine+learning
96,Using machine learning to understand housing energy efficiency | Office for National Statistics,1,2020-10-21,57,machine+learning
97,Applied Machine Learning Full Course with 4 Industry Data Science Projects [plus Notebooks + Data]!!,1,2020-10-21,1,machine+learning
98,Practical Machine Learning with Tensorflow - NPTEL || WEEK 5 ASSIGNMENT SOLUTION ||,0,2020-10-20,315,machine+learning
99,Introduction to Machine Learning Solution | Week-5 Assignment Solution | NPTEL Jul-Dec 2020 | NPTEL,0,2020-10-20,140,machine+learning
100,Thelio Mega - Machine Learning for Weather Prediction,0,2020-10-20,609,machine+learning
101,Wine Quality Test Using Machine Learning | Data Science For Beginners | Great Learning,0,2020-10-20,2,machine+learning
102,Machine Learning for Aerodynamics - Deep Learning & Neural Networks applied to CFD simulations,1,2020-10-20,751,machine+learning
103,Machine Learning Explained,0,2020-10-19,31,machine+learning
104,Xgboost Regression In-Depth Intuition Explained- Machine Learning Algorithms üî•üî•üî•üî•,1,2020-10-19,3,machine+learning
105,Machine Learning #Marathi,0,2020-10-18,5,machine+learning
106,Data Science vs Machine Learning ‚Äì What's The Difference | Data Science Tutorial | Simplilearn,0,2020-10-18,3,machine+learning
107,Supervised Machine Learning Pipelines by The Integrated Machine Learning & AI Blog team,0,2020-10-17,2,machine+learning
108,What's the difference between Machine Learning and Artificial Intelligence? One Dev Question,0,2020-10-17,1,machine+learning
109,Machine Learning Algorithms | Machine Learning Tutorial | AI-ML Training | Edureka | Live - 2,0,2020-10-16,6,machine+learning
110,Xgboost Classification Indepth Maths Intuition- Machine Learning Algorithmsüî•üî•üî•üî•,1,2020-10-12,7,machine+learning
111,Expedition150: Machine learning,0,2020-10-12,456,machine+learning
112,Data scientists should be more end-to-end | Machine Learning Monthly September 2020,1,2020-10-10,19,machine+learning
113,How to Make Money With Machine Learning | Machine Learning | Simplilearn,1,2020-10-09,2,machine+learning
114,What Is Reinforcement Machine Learning? üî•üî•üî•üî•,0,2020-10-09,5,machine+learning
115,Episode 29 - What Is Machine Learning?,0,2020-10-07,990,machine+learning
116,Complete Roadmap for Machine Learning || Noob to Advanced || ML 2020,0,2020-10-07,85,machine+learning
117,Demo: Low-Power Machine Learning Inference with DesignWare ARC EM9D Processor IP -- Synopsys,0,2020-10-06,17,machine+learning
118,"""AI & Machine Learning"" Cybersecurity Conversation",0,2020-10-06,8,machine+learning
119,Complete Roadmap To Follow To  Prepare Machine Learning With All Videos And Materials,0,2020-10-05,14,machine+learning
120,"Machine Learning 101: Understanding The What, Why & How Using Real-World Data",0,2020-10-02,14,machine+learning
121,Why You Should NOT Learn Machine Learning!,0,2020-10-01,4,machine+learning
122,Introduction to Ethics in Machine Learning,0,2020-10-01,28,machine+learning
123,Exploring Fairness in Machine Learning: Background,0,2020-10-01,959,machine+learning
124,Complete Road Map To Prepare For Deep Learningüî•üî•üî•üî•,0,2020-10-01,14,machine+learning
125,Machine learning without code in the browser,0,2020-09-29,97,machine+learning
126,An Overview of AI and Machine Learning Services From AWS,1,2020-09-28,4,machine+learning
127,Introduction to Machine Learning with Time Series || Markus Loning,0,2020-09-26,45,machine+learning
128,Studying for Machine Learning Engineer Interviews,1,2020-09-24,29,machine+learning
129,Why R? 2020 Keynote - Julia Silge - Data visualization for machine learning practitioners,0,2020-09-23,5,machine+learning
130,Fake everything: how machine learning is being used to fight back against disinformation campaigns,1,2020-09-23,102,machine+learning
131,Interview Prep Day 1-How To Learn Machine Learning Algorithms For Interviews- Naive Bayes Classifier,0,2020-09-21,11,machine+learning
132,New Products 9/16/2020 featuring Adafruit BrainCraft HAT - Machine Learning for Raspberry Pi 4!,0,2020-09-17,19,machine+learning
133,Machine Learning in MariaDB with AI Tables,0,2020-09-17,223,machine+learning
134,Python Machine Learning Tutorial (Data Science),0,2020-09-17,82,machine+learning
135,Multimodal Machine Learning models do not work. Here is why. Part 1/2 ‚Äì The SYMPTOMS,0,2020-09-17,252,machine+learning
136,Semantris: Computer to guess exact words typed by Harini I Machine Learning and AI activity,0,2020-09-16,208,machine+learning
137,VC Dimension ( KTU CS467 Machine Learning - Module 1 ),0,2020-09-15,205,machine+learning
138,Markus Loning - Introduction to Machine Learning with Time Series | PyData Fest Amsterdam 2020,0,2020-09-15,12,machine+learning
139,5 Lakh Salary ‡§µ‡§æ‡§≤‡•Ä Jobs | Highest Paid Career India? | Machine Learning | Course | Jobs after 12th!,0,2020-09-14,42,machine+learning
140,How I'd start learning machine learning again (3 years in),0,2020-09-12,37,machine+learning
141,Stacking in Ensemble models in machine learning Telugu | Stacking in machine learning in Telugu,1,2020-09-12,80,machine+learning
142,"Machine Learning: Theory and Applications (MLTA-2020), Day-3, Session-2",0,2020-09-11,185,machine+learning
143,Sentiment Analysis: extracting emotion through machine learning | Andy Kim | TEDxDeerfield,1,2020-09-10,1,machine+learning
144,Machine Learning: Introdu√ß√£o,0,2020-09-09,108,machine+learning
145,How to Become a Machine Learning Engineer,1,2020-09-09,6,machine+learning
146,Stock Prediction Using Python & Machine Learning,1,2020-09-07,19,machine+learning
147,"Machine Learning Day 1, Post Session Discussion",0,2020-09-07,324,machine+learning
148,Combating Racial Bias in Machine Learning Algorithms,1,2020-09-07,358,machine+learning
149,SAM GUARD - Human Enhanced Machine Learning,0,2020-09-07,134,machine+learning
150,All the maths you need for machine learning for FREE!,0,2020-09-07,80,machine+learning
151,Building a Deep Learning PC,0,2020-09-06,10,machine+learning
152,Machine Learning Crash Course With ML.NET,0,2020-09-04,25,machine+learning
153,Lecture 1 AAA602 Machine Learning Applications by SeungryongKim,0,2020-09-02,313,machine+learning
154,Machine Learning Project Ideas | (Resume and Final Year Project) Ideas for ML (2020),1,2020-09-02,1,machine+learning
155,Machine Learning Transforms Our Lives,0,2020-09-02,265,machine+learning
156,How to convert PDFs to audiobooks with machine learning,0,2020-09-01,314,machine+learning
157,Computer Vision Projects Ideas | Machine Learning and AI Projects (2020),1,2020-09-01,3,machine+learning
158,Machine learning/lecture 12,0,2020-08-31,260,machine+learning
159,Confusion Matrix In Machine Learning | Confusion Matrix Explained With Example | Simplilearn,0,2020-08-31,1,machine+learning
160,Get Started with Machine Learning | AWS Power Hour: Machine Learning | Episode 1: Intro to ML,0,2020-08-28,2,machine+learning
161,What's the difference between machine learning and deep learning?,0,2020-08-28,70,machine+learning
162,Yoshua Bengio: Machine Learning Projects Against COVID-19,1,2020-08-27,1,machine+learning
163,Pollination 2.0: Could machine learning save the bees? | FT Food Revolution,0,2020-08-26,15,machine+learning
164,K√ºnstliche Intelligenz vs. Machine Learning vs. Deep Learning | #KI,0,2020-08-25,9,machine+learning
165,[STAT 432] Machine Learning Tasks,0,2020-08-23,421,machine+learning
166,Day 4: Machine Learning Technologies for Social Media Analytics,1,2020-08-22,354,machine+learning
167,Lesson 1 - Deep Learning for Coders (2020),0,2020-08-21,86,machine+learning
168,Building 3500$ Deep Learning Workstation | Deep Learning PC build From Scratch,0,2020-08-20,9,machine+learning
169,Super-Human Performance in Gran Turismo Sport Using Deep Reinforcement Learning,1,2020-08-19,84,machine+learning
170,Art in the age of machine intelligence | Refik Anadol,0,2020-08-19,259,machine+learning
171,Multiple Linear Regression Model Building | Python Coding | Machine Learning,0,2020-08-18,614,machine+learning
172,Amazon's Machine Learning University (FREE Courses in Data Science),0,2020-08-18,44,machine+learning
173,The $2500 NVIDIA TITAN RTX GPU for Machine Learning - Unboxing & Testing,0,2020-08-17,12,machine+learning
174,Get Amazon's Machine Learning Courses For Free | Learn Machine Learning For Free,0,2020-08-16,11,machine+learning
175,Basics of Machine Learning and its Application,0,2020-08-14,207,machine+learning
176,Mathematics For Machine Learning | Essential Mathematics - Machine Learning Tutorial | Simplilearn,0,2020-08-14,5,machine+learning
177,Software Engineering or Machine Learning: What's a better career?,0,2020-08-13,5,machine+learning
178,ÿ≥ŸÑÿ≥ŸÑÿ© ŸÖŸÅÿßŸáŸäŸÖ #1 - What is Machine learning  ŸÖÿß ŸáŸà ÿ™ÿπŸÑŸäŸÖ ÿßŸÑÿ¢ŸÑŸá ÿ¥ÿ±ÿ≠  -,0,2020-07-27,2,machine+learning
179,"Machine Learning, Modeling, and Simulation: Engineering Problem-Solving in the Age of AI",0,2020-07-27,293,machine+learning
180,JuliaCon 2020 |  Doing Scientific Machine Learning (SciML) With Julia,0,2020-07-26,13,machine+learning
181,Fake News Detection using Machine Learning | Natural Language Processing | Great Learning,1,2020-07-22,9,machine+learning
182,Powered by TensorFlow: Air Cognizer predicts air quality with machine learning,0,2020-07-21,52,machine+learning
183,Build A Machine Learning Web App Using Python,0,2020-07-20,12,machine+learning
184,Executive Certification in Artificial Intelligence & Machine Learning,0,2020-07-18,4,machine+learning
185,FaceBaker Baking Character Facial Rigs with Machine Learning,1,2020-07-16,175,machine+learning
186,"Building a $5,000 Machine Learning Workstation with a NVIDIA TITAN RTX and RYZEN ThreadRipper",0,2020-07-15,13,machine+learning
187,Can AI make me a better athlete? | Using machine learning to analyze penalty kicks,1,2020-07-14,11,machine+learning
188,Sergey Levine: Robotics and Machine Learning | Lex Fridman Podcast #108,0,2020-07-14,58,machine+learning
189,2020 Machine Learning Roadmap,0,2020-07-12,299,machine+learning
190,Learn Machine Learning from Scratch | What is Machine Learning..? | Python | (Best Resources for ML),0,2020-07-11,871,machine+learning
191,A.I. and Machine Learning Master's Programs at Stevens Institute of Technology,0,2020-07-08,119,machine+learning
192,"Course Promo: Machine Learning - ""No Code"" Approach with Microsoft Azure Machine Learning Studio",0,2020-07-08,132,machine+learning
193,Holberton School - The importance of ethics & diversity in Machine Learning - Highlight Event,0,2020-07-07,18,machine+learning
194,Coursera:Machine Learning Fundamentals A Case Study Approach University Of Washington Course Answer,0,2020-07-04,9,machine+learning
195,Learning Machine Learning: How Can Communities Help?,0,2020-07-03,219,machine+learning
196,I show 16-inch MacBook Pro's real-world performance on MACHINE LEARNING algorithms,0,2020-06-30,8,machine+learning
197,Live- Implementation of End To End Kaggle Machine Learning Project With Deployment,1,2020-06-30,66,machine+learning
198,AMA - Machine Learning for Software Engineering,0,2020-06-30,470,machine+learning
199,Build your own Deep learning Machine - What you need to know,0,2020-06-26,22,machine+learning
200,Slopes of Machine Learning - Computerphile,0,2020-06-26,64,machine+learning
201,1. Artificial Intelligence and Machine Learning,0,2020-06-25,78,machine+learning
202,Stock Market Prediction Using Machine Learning | Machine Learning Tutorial | Simplilearn,1,2020-06-25,8,machine+learning
203,De-Ageing With Deepfakes (Machine Learning),1,2020-06-23,73,machine+learning
204,Scikit-Learn Course - Machine Learning in Python Tutorial,0,2020-06-23,64,machine+learning
205,"#AndroidDevChallenge - Helpful innovation, powered by machine learning",0,2020-06-22,5,machine+learning
206,Probability for Data Science & Machine Learning,0,2020-06-21,26,machine+learning
207,"Deep Learning with PyTorch Live Course - ResNet, Regularization and Data Augmentation (Part 5 of 6)",0,2020-06-20,25,machine+learning
208,Machine Learning Foundations: Ep #9 - Using the Sequencing APIs,0,2020-06-20,8,machine+learning
209,CFA Level II: 2020 Quantitative Methods - Machine Learning,0,2020-06-20,4,machine+learning
210,Keras with TensorFlow Course - Python Deep Learning and Neural Networks for Beginners Tutorial,0,2020-06-18,150,machine+learning
211,Introducing Firebase Machine Learning,0,2020-06-16,69,machine+learning
212,BE CSE Artificial Intelligence and Machine Learning,0,2020-06-15,14,machine+learning
213,HOW HEDGE FUNDS USE MACHINE LEARNING?,0,2020-06-15,7,machine+learning
214,How to Build a Simple Machine Learning Web App in Python - Streamlit Tutorial #2,0,2020-06-12,16,machine+learning
215,Machine Learning Now in Lens Studio | Snap Partner Summit 2020,0,2020-06-11,7,machine+learning
216,Top 10 Machine Learning Algorithms in 2020 | Learn ML in 2020 | Machine Learning Training | Edureka,0,2020-06-06,17,machine+learning
217,Build A Smart AI Chat Bot Using Python & Machine Learning,1,2020-06-05,39,machine+learning
218,Best Laptop For Machine Learning & Deep Learning |Best Laptop For Machine Learning 2020 |Simplilearn,0,2020-06-03,17,machine+learning
219,DeepMind x UCL | Deep Learning Lectures | 2/12 |  Neural Networks Foundations,0,2020-06-01,39,machine+learning
220,DeepMind x UCL | Deep Learning Lectures | 1/12 | Intro to Machine Learning & AI,0,2020-06-01,144,machine+learning
221,DeepMind x UCL | Deep Learning Lectures | 5/12 |  Optimization for Machine Learning,0,2020-06-01,16,machine+learning
222,Learn Machine Learning and Artificial Intelligence Course Full Online | ML and AI Course,0,2020-05-31,21,machine+learning
223,Machine learning in Julia with Flux,0,2020-05-31,1,machine+learning
224,Machine Learning Project | Python Machine Learning | Intellipaat,0,2020-05-31,4,machine+learning
225,Course Introduction-Bandit Algorithm (Online Machine Learning),0,2020-05-30,4,machine+learning
226,Machine Learning Projects in Python | Deep Learning | Opencv | Final Year Projects,0,2020-05-26,9,machine+learning
227,Stock Price Prediction And Forecasting Using Stacked LSTM- Deep Learning,1,2020-05-25,44,machine+learning
228,Ensemble Learning | Ensemble Learning In Machine Learning | Machine Learning Tutorial | Simplilearn,0,2020-05-24,5,machine+learning
229,"Deep Learning with PyTorch Live Course - Tensors, Gradient Descent & Linear Regression (Part 1 of 6)",0,2020-05-23,109,machine+learning
230,Machine Learning Foundations: Ep #6 - Convolutional cats and dogs,0,2020-05-23,12,machine+learning
231,Artificial Intelligence|Machine Learning  Webinar in Tamil -9698548633,0,2020-05-22,205,machine+learning
232,Creating a Game with Learning AI in Unity! (Tutorial / Machine Learning),0,2020-05-20,62,machine+learning
233,Machine Learning Foundations: Ep #5 - Classifying real-world images,0,2020-05-20,14,machine+learning
234,Automated Face Mask  Detection/Recognition using Deep Learning (Artificial Intelligence),1,2020-05-19,8,machine+learning
235,Gradient descent simple explanation|gradient descent machine learning|gradient descent algorithm,0,2020-05-19,4,machine+learning
236,Docker Tutorial 3-Deploying Machine Learning Models Using Flask And Flasgger,1,2020-05-16,11,machine+learning
237,All Machine Learning Models Explained in 5 Minutes | Types of ML Models Basics,0,2020-05-15,8,machine+learning
238,Machine learning and artificial intelligence for beginners | Machine Learning Tutorial part 1,0,2020-05-15,456,machine+learning
239,Essential Mathematics for Machine Learning,0,2020-05-14,14,machine+learning
240,Netflix Machine Learning Mock Interview: Type-ahead Search,1,2020-05-14,5,machine+learning
241,Machine Learning Foundations: Ep #3 - Convolutions and pooling,0,2020-05-13,18,machine+learning
242,Dawn Song: Adversarial Machine Learning and Computer Security | Lex Fridman Podcast #95,0,2020-05-12,43,machine+learning
243,Top 10 Machine Learning Projects | Machine Learning Projects For Beginners | Simplilearn,0,2020-05-12,15,machine+learning
244,Gradient Boosting In Depth Intuition- Part 1 Machine Learning,0,2020-05-11,25,machine+learning
245,What is Machine Learning in Hindi | Introduction | History | Working | Applications in Hindi,0,2020-05-09,13,machine+learning
246,Machine Learning Foundations: Ep #2 - First steps in computer vision,0,2020-05-09,31,machine+learning
247,"Understanding Machine Learning Algorithms | Regression, Classification & Clustering | Verzeo",0,2020-05-09,4,machine+learning
248,Ilya Sutskever: Deep Learning | Lex Fridman Podcast #94,0,2020-05-08,101,machine+learning
249,Workshop | Managing the Complete Machine Learning Lifecycle with MLflow: 1 of 3,0,2020-05-06,8,machine+learning
250,Machine Learning Foundations: Ep #1 - What is ML?,0,2020-05-06,68,machine+learning
251,Daphne Koller: Biomedicine and Machine Learning | Lex Fridman Podcast #93,1,2020-05-05,68,machine+learning
252,"Introduction to Artificial Intelligence, Machine Learning, Deep Learning in Telugu | Vamsi Bhavani",0,2020-01-08,21,machine+learning
253,Episode 1.1: Intro and building a machine learning framework,0,2019-12-25,37,machine+learning
254,Stock Price Prediction Using Python & Machine Learning,1,2019-12-21,402,machine+learning
255,How Far is Too Far? | The Age of A.I.,0,2019-12-18,46,machine+learning
256,How Machine Learning Drives the Deceptive World of Deepfakes,1,2019-12-15,242,machine+learning
257,Machine Learning Tutorial | Learn Machine Learning | Intellipaat,0,2019-12-13,217,machine+learning
258,Curso de Inteligencia Artificial y Machine Learning con Python Desde Cero,0,2019-12-13,43,machine+learning
259,The 10 Best Examples Of Artificial Intelligence (AI) And Machine Learning In Practice,0,2019-12-09,8,machine+learning
260,Tiny Sorter: A fun starter project with Arduino + machine learning,0,2019-12-04,8,machine+learning
261,AI: What is Machine Learning?,0,2019-12-02,17,machine+learning
262,Machine Learning Fundamentals: Sensitivity and Specificity,0,2019-12-02,65,machine+learning
263,"Noam Chomsky: Language, Cognition, and Deep Learning | Lex Fridman Podcast #53",0,2019-11-29,255,machine+learning
264,Best Laptop for Machine Learning and Deep Learning | Machine Learning Training | Edureka,0,2019-11-27,52,machine+learning
265,AI VS ML VS DL VS Data Science,0,2019-11-26,813,machine+learning
266,MIT Machine Learning in Business Online Short Course | Trailer,0,2019-11-26,4,machine+learning
267,Machine Learning magic for your web application with TensorFlow.js (Chrome Dev Summit 2019),0,2019-11-25,47,machine+learning
268,Python Machine Learning & AI Mega Course - Learn 4 Different Areas of ML & AI,0,2019-11-23,261,machine+learning
269,O que √© MACHINE LEARNING? | Machine Learning #1,0,2019-11-17,5,machine+learning
270,"Introdu√ß√£o ao Machine Learning (ML de Zero a 100, parte 1)",0,2019-11-13,3,machine+learning
271,Nazirini‚Äôs story - using machine learning to tackle crop disease,0,2019-11-13,27,machine+learning
272,Machine Learning in Hindi | Machine Learning Tutorial in Hindi | Python for Machine Learning | 2020,0,2020-04-16,138,machine+learning
273,Machine Learning for Scent | MIT 6.S191,0,2020-04-10,24,machine+learning
274,Machine Learning Interview Questions | Machine Learning Interview Preparation | Intellipaat,1,2020-04-08,6,machine+learning
275,Machine Learning using Raspberry Pi: AlphaGo Edition,0,2020-04-03,8,machine+learning
276,"David Silver: AlphaGo, AlphaZero, and Deep Reinforcement Learning | Lex Fridman Podcast #86",0,2020-04-03,144,machine+learning
277,Data Science Project- Credit Card Fraud Detection using Machine Learning | Python Training |Edureka,1,2020-04-03,17,machine+learning
278,"Kh√°c nhau gi·ªØa tr√≠ tu·ªá nh√¢n t·∫°o (AI), Machine Learning v√† Deep Learning |Tri th·ª©c nh√¢n lo·∫°i",0,2020-04-01,34,machine+learning
279,Ideas to Reality: The American University of Beirut using machine learning to help farmers,0,2020-04-01,143,machine+learning
280,Deep Learning Chatbot R&D,1,2020-03-31,41,machine+learning
281,Mathematics for Machine Learning: Linear Algebra || Linear Algebra for Machine Learning,0,2020-03-31,26,machine+learning
282,Don't learn machine learning,0,2020-03-29,162,machine+learning
283,COVID - 19 Outbreak Prediction using Machine Learning | Machine Learning Training | Edureka,1,2020-03-29,86,machine+learning
284,CSE - Artificial Intelligence & Machine Learning -Best Colleges | Top Jobs | Salary Trends,0,2020-03-24,47,machine+learning
285,Most Popular Machine Learning Libraries | 2013-2019,0,2020-03-22,95,machine+learning
286,Coronavirus Outbreak Prediction Using Machine Learning | Predicted vs Actual | Simplilearn,1,2020-03-18,89,machine+learning
287,"Nptel Machine Learning , ml Week 3 assignment solution.",0,2020-03-18,482,machine+learning
288,Machine Learning | Logistic Regression,0,2020-03-16,8,machine+learning
289,Deep Learning New Frontiers | MIT 6.S191,0,2020-03-13,91,machine+learning
290,10 Machine Learning & Deep Learning Project Ideas for Resume | For a B.Tech Student | Prateek Narang,0,2020-03-13,43,machine+learning
291,Who is a Machine Learning Engineer? Skills Required to Become a Machine Learning Engineer | Verzeo,0,2020-03-11,418,machine+learning
292,Machine Learning | Singular Value Decomposition,0,2020-03-07,9,machine+learning
293,Reinforcement Learning | MIT 6.S191,1,2020-03-06,53,machine+learning
294,The Role of AI and Machine Learning in Mechanical Engineering,1,2020-03-05,24,machine+learning
295,Machine Learning Tutorial: From Beginner to Advanced,0,2020-03-04,6,machine+learning
296,"Facebook Ads Machine Learning: Smarter Than a Seasoned Media Buyer? | Savannah Sanchez, AWasia 2019",0,2020-03-01,23,machine+learning
297,$25000 Deep Learning Workstation liquidcooling build,0,2020-02-28,371,machine+learning
298,Kaggle Notebook - Titanic Data Science Solutions,0,2020-10-26,1,kaggle
299,"Introduction to Jupyter Notebook, Google Colab and Kaggle Notebook | Abhishek Mamidi",0,2020-10-25,107,kaggle
300,KAGGLE API USNG PYTHON | JUPYTER NOTEBOOKS | DATASET DOWNLOADS,0,2020-10-25,4,kaggle
301,Introdu√ß√£o ao Kaggle,0,2020-10-25,1,kaggle
302,Kaggle Days Meetup - Surat |  STARTING & SCALING AI VENTURES | SHANTANU KUMAR,0,2020-10-25,35,kaggle
303,Best Way To Learn Data Science For Free From Kaggle.com,0,2020-10-25,20,kaggle
304,Wheat Head Detection | YoloV5 Custom Object Detection | Kaggle,1,2020-10-25,3,kaggle
305,Carga de im√°genes a Kaggle,0,2020-10-24,9,kaggle
306,Kaggle competition: Identify toxic comments in multiple languages,1,2020-10-23,35,kaggle
307,"Talks # 13: William Falcon; Stop engineering, start winning - How to Kaggle with PyTorch Lightning",0,2020-10-23,3,kaggle
308,KaggleÔºàÂ§ßÂ≠¶ÊïôÂì°„ÅÆ„Åü„ÇÅ„ÅÆÂ∞±Ê¥ªÊåáÂ∞éÊîØÊè¥Ë¨õÂ∫ßÔºâ [Preview],0,2020-10-23,4,kaggle
309,Executing Impala queries using a data set from kaggle,0,2020-10-22,1,kaggle
310,Kaggle Mini Courses - Intermediate Machine Learning,0,2020-10-21,52,kaggle
311,#1 - Part I - Kaggle Introduction to Deep Learning - A single Neuron,0,2020-10-21,34,kaggle
312,Learn With Me: Troubleshooting and Optimizing for Tensor Processing Units (TPUs) | Kaggle,1,2020-10-20,1,kaggle
313,copy and edit a Kaggle notebook || beginner tutorial,0,2020-10-18,158,kaggle
314,How to Download Kaggle Datasets using the Kaggle API | How to Use the Kaggle API with Python,0,2020-10-14,102,kaggle
315,Winner's interview: Dark of the Moon - 1st in Tweet Sentiment Extraction Competition | Kaggle,1,2020-10-13,4,kaggle
316,Winner's interview: Muggles United - 3rd in Tweet Sentiment Extraction Competition | Kaggle,1,2020-10-13,836,kaggle
317,How to start using Kaggle | What is Kaggle || How to work Kaggle Competitions,0,2020-10-13,564,kaggle
318,Kaggle Mini Courses - Data Visualization,0,2020-10-09,25,kaggle
319,How to Participate in Kaggle Competitions ? | Machine Learning | Data Magic,0,2020-10-08,60,kaggle
320,Learn data science by doing Kaggle competitions: birdcall identification,1,2020-10-07,82,kaggle
321,How to use Kaggle for beginners |How to use Kaggle for Data Science | How to use Kaggle,0,2020-10-07,673,kaggle
322,#retail store #dataanalysis and visualization to solve #sales problem using #Kaggle dataset,0,2020-10-06,46,kaggle
323,How to use Kaggle ? | Kaggle Platform walkthrough | Machine Learning | Data Magic,0,2020-10-06,161,kaggle
324,Snapshots: Hamilton Lyric Generator Using TensorFlow and R | Kaggle,0,2020-10-06,3,kaggle
325,CAIS Presents First Kaggle Competition Submission,0,2020-10-05,40,kaggle
326,"Kaggle Free Online Certification Courses -Kaggle Python, Data Science & Machine Learning Certificate",0,2020-10-03,206,kaggle
327,How to use datasets from Kaggle on Google Colab using Kaggle API ? | Diazonic Labs,0,2020-10-03,194,kaggle
328,Zetta Bytes Live: Fireside Chat with Anthony Goldbloom of Kaggle,1,2020-10-03,52,kaggle
329,Machine Learning dataset : Kaggle - UCI ML by MyStudy,0,2020-10-01,38,kaggle
330,Basic Machine Learning Linear Regression Python Pipeline Tutorial | House Prices Kaggle Dataset,0,2020-09-30,35,kaggle
331,TPU Notebook Walkthrough: Introduction to TFRecords | Kaggle,1,2020-09-29,7,kaggle
332,ŸÖŸÇÿØŸÖÿ© kaggle,0,2020-09-29,203,kaggle
333,60 Seconds AI - Wine Kaggle Dataset,0,2020-09-26,6,kaggle
334,Kaggle Free Courses with Certificate | Data Science | Machine Learning,0,2020-09-26,350,kaggle
335,How To Convert A Kaggle Project To A End To End Data Science With Deployment For Freshers üî•üî•üî•üî•,1,2020-09-26,8,kaggle
336,Introducing Kaggle - The site that would get you into Machine Learning and Data Science - Hebrew,0,2020-09-25,189,kaggle
337,How to Download Dataset into Colab from Kaggle,0,2020-09-25,13,kaggle
338,Fall 2020 Kaggle Competition for Applications of Deep Learning (8.5),1,2020-09-23,2,kaggle
339,Digit Recognizer Kaggle Challenge (Test Accuracy: 99.275%),1,2020-09-22,145,kaggle
340,How to start Data Science with Kaggle | Kaggle Certifications | Kaggle Projects,0,2020-09-22,46,kaggle
341,Kaggle NLP Real or Not? text classification competition Part 1,1,2020-09-21,152,kaggle
342,Kaggle competition meetup: M5 Forecasting - Accuracy,1,2020-09-19,259,kaggle
343,How to become a Kaggle #1 | Marios Michailidis,0,2020-09-19,51,kaggle
344,Bike Sharing Demand | Kaggle Code Review,0,2020-09-17,61,kaggle
345,Handwritten Digit Recognition on MNIST dataset | Machine Learning | Kaggle  competition | MATLAB,0,2020-09-15,92,kaggle
346,Zerando Kaggle EP 3: Python M√≥dulo 3,1,2020-09-09,0,kaggle
347,How to win Kaggle competitions with Anthony Goldbloom,1,2020-09-09,2,kaggle
348,What is Kaggle? | An Introduction and Walk-through,0,2020-09-09,238,kaggle
349,VS Code (codeserver) on Google Colab / Kaggle / Anywhere,0,2020-09-09,7,kaggle
350,SIIM-ISIC Melanoma Classification Challenge on Kaggle 3rd Place Winner,0,2020-09-08,21,kaggle
351,Solution to Kaggle Recognize the Digit - Code Review,1,2020-09-04,7,kaggle
352,Anastasiia Mishchuk | Applying Kaggle to Research | Learning ML | CTDS.Show #,0,2020-09-03,426,kaggle
353,Snapshots: BigQuery + Notebooks: Building an Analytics Pipeline on Kaggle | Kaggle,0,2020-09-01,5,kaggle
354,Inside the Mind of the Ultimate Kaggle Grandmaster (@Abhishek Thakur ) - KJP EP. 10,0,2020-08-26,9,kaggle
355,"Diabetes prediction using ""Machine Learning"" | Kaggle |Python",1,2020-08-25,312,kaggle
356,"""How to translate ML predictions to practical solutions"" by Kaggle Learn creator Dan Becker, Ph.D.",1,2020-08-24,293,kaggle
357,What Makes a Good Machine Learning Project vs Kaggle,1,2020-08-25,200,kaggle
358,Beginners Guide to upload a Public Dataset on Kaggle Dataset,0,2020-08-24,85,kaggle
359,Kaggle: Machine Learning and Data Science Community | How to Learn Data Science Smartly,0,2020-08-24,447,kaggle
360,Kaggle Days Meetup- Surat | Tanul Singh | Introduction to NLP |A.I.M Learning,0,2020-08-23,421,kaggle
361,Mini Series: Kaggle,0,2020-08-22,32,kaggle
362,27.3  Transfer learning –Ω–∞ –ø—Ä–∏–º–µ—Ä–µ —Å–æ—Ä–µ–≤–Ω–æ–≤–∞–Ω–∏—è –Ω–∞ Kaggle,0,2020-08-22,0,kaggle
363,Titanic Machine Learning Competition| Part II |Data Science Malayalam | Kaggle,0,2020-08-22,321,kaggle
364,15 Kaggle Free Online Courses with Certificate - Kaggle Free Certification for Data Scientists,0,2020-08-21,648,kaggle
365,End to End Machine Learning Project with Deployment | House Price Prediction | Kaggle | Flask,1,2020-08-19,322,kaggle
366,[Virtual Panel] The Journey to Becoming the #1 Kaggle Grandmaster,0,2020-08-18,713,kaggle
367,I just got promoted to Kaggle Notebooks Master || Kaggle || Data Science,0,2020-08-17,611,kaggle
368,Intro to Kaggle,0,2020-08-16,63,kaggle
369,Kaggle Python Tutorial - Kaggle API Dataset Download (2020),0,2020-08-15,344,kaggle
370,#6 - Data Science na Pr√°tica - Deploy (Enviando submiss√£o ao Kaggle),1,2020-08-14,20,kaggle
371,Guanshuo Xu | Achieving #1 Rank in Kaggle Competitions Tier | Alaska2 Winning Sol | CTDS.Show,0,2020-08-13,1,kaggle
372,Step-by-step guide for beginners to get started on Kaggle competition,0,2020-08-12,97,kaggle
373,Kaggle Project - Student Performance Analysis Part - 1 || Machine Learning,0,2020-08-12,235,kaggle
374,Snapshots: Exploring Shifterator with Kaggle Notebooks | Kaggle,0,2020-08-11,3,kaggle
375,ArXiv‚Äôs 1.7M+ Research Papers Now Available on @Kaggle | 1.7M+ arXiv Papers is Available on @Kaggle,0,2020-08-06,1,kaggle
376,"Rachael Tatman | Rasa, Kaggle | Conversational AI | CTDS.Show #",0,2020-08-06,400,kaggle
377,Learn data science by doing Kaggle competitions: Ion switching competition,0,2020-08-05,97,kaggle
378,Meet the woman who won Jovian.ml's Kaggle competition,0,2020-08-05,283,kaggle
379,IIT under-graduate shares unique tricks to ace Kaggle competition,1,2020-08-05,214,kaggle
380,"ML Bootcamp - Decision Tree, Random Forest & Exploring Titanic Dataset from Kaggle",0,2020-08-04,1,kaggle
381,Kaggle 3 Free Certificates | Python | Machine Learning | Deep Learning,0,2020-08-02,1,kaggle
382,Pytorch Tutorial 5-Live- Kaggle Advance House Price Prediction Using Pytorch Deep Learning,0,2020-07-30,7,kaggle
383,Econometria: Jupyter R Notebook no Google Colab e no Kaggle,0,2020-07-30,284,kaggle
384,A Spanish engineer shares tips for winning a Kaggle competition,1,2020-07-27,109,kaggle
385,How to start using Kaggle | What is Kaggle |  How to Get Started with Kaggle‚Äôs Titanic Competition üòÉ,0,2020-07-25,1,kaggle
386,How to earn high salary from home? | Data Science | Kaggle Introduction,0,2020-07-24,1,kaggle
387,Anniversary Episode: Celebrating 1 Year of CTDS.Show | CTDS.Show Kaggle Contest Results | Ep #85,0,2020-07-23,422,kaggle
388,Kaggle TReNDS Neuroimaging: predict multiple assessments and age from brain MRI - Nikita CHURKIN,1,2020-07-22,863,kaggle
389,"Snapshots: Datasets, Tasks, and Animal Crossing | Kaggle",1,2020-07-21,4,kaggle
390,Different resources to learn Data Science | applied ai | iNeuron | datacamp | kaggle,0,2020-07-21,202,kaggle
391,Pytorch Tutorial 4- Solving Kaggle Pima Diabetes Prediction Using ANN With PyTorch Library,0,2020-07-19,4,kaggle
392,Chris Deotte | Secrets to Becoming 4x Kaggle Grandmaster | Discussions and Notebooks #1 | CTDS.Show,0,2020-07-19,1,kaggle
393,Learn deep learning by competing in a live Kaggle competition - FAQ,1,2020-07-19,117,kaggle
394,Kaggle Coimbatore introduction Video,0,2020-07-19,167,kaggle
395,How to use Kaggle in Hindi || Data Science || Kaggle,0,2020-07-19,43,kaggle
396,Beginner Kaggle Data Science Project Walk-Through (Titanic),0,2020-07-17,37,kaggle
397,Exclusive Whatsapp Group for Kaggle || Kaggle Discussion || Data Science || Shivan Kumar,0,2020-07-16,328,kaggle
398,Clinical Text Classification on   Medical Transcription Kaggle Dataset #NLproc,1,2020-07-16,584,kaggle
399,Kaggle - Free Online Training With Certificates| 100% Practical Courses,0,2020-07-13,371,kaggle
400,CSTEAA Webinar- A Kaggle Grandmaster tale: How to prepare yourself to become a Data Scientist,0,2020-07-12,1,kaggle
401,Yifan Xie | Freelancing in Data Science | Kaggle DFDC Comp | CTDS.Show #82,0,2020-07-12,304,kaggle
402,How to access datasets on Kaggle to build your machine learning models?,0,2020-07-12,651,kaggle
403,Tweet Sentiment Extraction Kaggle competition solutions,1,2020-07-07,526,kaggle
404,Parul Pandey | Journey to becoming Kaggle Grandmaster | CTDS.Show #80,1,2020-07-05,716,kaggle
405,"Addison Howard, Maggie Demkin, Phil Culliton | Kaggle Team | CTDS.Show #79",0,2020-07-02,258,kaggle
406,Live- Implementation of End To End Kaggle Machine Learning Project With Deployment,1,2020-06-30,66,kaggle
407,Kaggle de Data Setler ve kaggle Kullanƒ±mƒ±,0,2020-06-29,143,kaggle
408,"How to predict House Prices in Ames, Iowa | Kaggle Competition in Data Science & Machine Learning",1,2020-06-29,527,kaggle
409,#. Machine Learning Tutorial (Bangla) | Assignment on Linear Regression | Kaggle Dataset,0,2020-06-28,664,kaggle
410,Best Platform To Learn Data Science For Free | What Is @Kaggle ? | Kaggle Free Data Science Course,0,2020-06-28,3,kaggle
411,Accelerator Power Hour for data science professionals with Kaggle Grandmasters (Cloud AI Huddle),0,2020-06-25,11,kaggle
412,"Philipp Singer, Kaggle GM, Ranked #4 | Pos #8 Sol: Jigsaw Multilingual Toxic Comment Classification",0,2020-06-25,625,kaggle
413,How to use Kaggle website in Telugu | Kaggle website usage in Telugu | Kaggle tutorial in Telugu,0,2020-06-24,355,kaggle
414,Kaggle Free Online Training Courses with Free Certificates | Get the Kaggle Premium Certificate,0,2020-06-24,838,kaggle
415,06.ÿ¥ÿ±ÿ≠ ÿ¨Ÿàÿ¨ŸÑ ŸÉŸàŸÑÿßÿ® | Google Colab : ÿ™ÿ≠ŸÖŸäŸÑ ÿßŸÑÿØÿßÿ™ÿß ŸÖŸÜ ŸÉÿßÿ¨ŸÑ | Download kaggle dataset,0,2020-06-24,228,kaggle
416,How to use Kaggle to learn Data Science | How to use Kaggle ?|,0,2020-06-23,1,kaggle
417,Getting Curious: What it takes to build a TPU | Kaggle,1,2020-06-23,764,kaggle
418,TPUs: AlphaGo to Speech Recognition | Kaggle,1,2020-06-23,2,kaggle
419,Kaggle Vs Real-world Projects,1,2020-06-23,415,kaggle
420,Learn With Me: Getting Started with Tensor Processing Units (TPUs) | Kaggle,1,2020-06-22,10,kaggle
421,ÿ¥ÿ±ÿ≠ ŸÖŸàŸÇÿπ kaggle,0,2020-06-21,302,kaggle
422,Kaggle Tweet „Ç≥„É≥„ÉöÂèçÁúÅ‰ºö ÔºÜ ‰∏ä‰ΩçËß£Ê≥ï„ÇíÁú∫„ÇÅ„ÇãÈÖç‰ø°,0,2020-06-20,894,kaggle
423,How to import Kaggle data-set into Google Colab,1,2020-06-20,355,kaggle
424,Random Forest Model in R using Titanic from Kaggle,0,2020-06-19,25,kaggle
425,"Talks # 5: Parul Pandey: Data Science, Diversity and Kaggle",0,2020-06-19,3,kaggle
426,"Ep.04 ""My Journey Into Data Science"" with Abhishek Thakur | World's First 4x Grandmaster on Kaggle.",0,2020-06-18,2,kaggle
427,Intro to Anaconda-Navigator and Kaggle Notebook,0,2020-06-17,64,kaggle
428,kernel1ac50f2f75   Kaggle   Chrome 2020 06 15 13 32 51,0,2020-06-14,3,kaggle
429,Predict Future Sales | Kaggle | Code review,1,2020-06-14,1,kaggle
430,How important is Kaggle For Data Scientist? Podcast Summary With Abhishek| Data Science,1,2020-06-12,868,kaggle
431,Solution using TPOT (Automated Machine Learning) | [Kaggle] Titanic Solution using Python #21,0,2020-06-11,167,kaggle
432,Real or Not? NLP with Disaster Tweets | Kaggle | Code review,1,2020-06-10,256,kaggle
433,Free Kaggle Competition Certificate |How to Use Kaggle?Machine Learning| Data Science | Free Courses,0,2020-06-09,249,kaggle
434,How to Use Kaggle for a Data Science Portfolio Project,1,2020-06-09,1,kaggle
435,All You Want To Know About Kaggle-  Podcast With Abhishek Thakur Kaggle Grandmaster- Give Away Books,0,2020-06-06,10,kaggle
436,Kaggle - Minimal Global Wheat Detection,0,2020-06-06,319,kaggle
437,What is Kaggle | How to use Kaggle  in hindi,0,2020-06-06,959,kaggle
438,Virtual Meetup: An Audience with The Zoo - the Kaggle Grandmasters who just can't stop winning,0,2020-06-05,158,kaggle
439,Learn Data Science for Free with Kaggle Micro-Courses,0,2020-06-04,4,kaggle
440,House prices advanced regression techniques | Kaggle | Code review,1,2020-06-03,193,kaggle
441,"Yauhen Babakhin | Kaggle, Computer Vision and AutoML | CTDS.Show",1,2020-05-31,364,kaggle
442,Implement Kaggle Fake News Classifier Using Bidirectional LSTM RNN,1,2020-05-30,6,kaggle
443,Global Wheat Detection | Kaggle Competition - 4 : Resizing the Data,1,2020-05-28,230,kaggle
444,Alexey Grigorev - How to become a Kaggle master & Data Science | Podcast #11,0,2020-05-27,605,kaggle
445,Global Wheat Detection | Kaggle Competition - 2 : Understanding the Data,0,2020-05-27,302,kaggle
446,Global Wheat Detection | Kaggle Competition - 1 : The Problem Statement,0,2020-05-26,477,kaggle
447,kaggle PANDA competition video 4 CNN model - Image patch creation,0,2020-05-24,9,kaggle
448,Introduction to Kaggle  |  Team SOS,0,2020-05-23,87,kaggle
449,Random Forest Parameter Optimization using all features | [Kaggle] Titanic Solution using Python #20,1,2020-05-20,1,kaggle
450,Kaggle Faker News Classifier Using LSTM- Deep LEarning| Natural Language Processing,1,2020-05-19,23,kaggle
451,Getting started with Kaggle image recognition competition!,1,2020-05-17,10,kaggle
452,Top Kaggle Solution for Spring 2020 Kaggle In-Class Paperclips Challenge,1,2020-05-13,1,kaggle
453,Kaggle Competition 1 - Titanic Survival Prediction,0,2020-05-12,1,kaggle
454,STAND OUT ON KAGGLE COMPETITION WITH THIS TIPS | KAGGLE COMPETITION TUTORIAL | KAGGLE FOR BEGINNERS,0,2020-05-12,685,kaggle
455,"Learn to Use Kaggle Effectively with Tips for Data Science, Machine Learning & Deep Learning |Part 1",0,2020-05-11,594,kaggle
456,How to Download Kaggle Dataset | How to use Kaggle |,0,2020-05-11,5,kaggle
457,How to download titanic  data set from kaggle website.,0,2020-05-08,226,kaggle
458,How to download dataset from kaggle | UCI machine learning | github | ML/ AI projects,0,2020-05-07,628,kaggle
459,Gpython 3 | Importing kaggle datasets to Colab | Python | #pyGuru,0,2020-05-07,262,kaggle
460,Como ABRIR e TRABALHAR com Arquivos CSV no EXCEL + Kaggle,0,2020-05-04,385,kaggle
461,Linear Regression using scikit-learn || Kaggle Challenge.,0,2020-05-02,146,kaggle
462,Learn Data Science by Doing Kaggle Competitions: Connect X,0,2020-05-02,416,kaggle
463,How to use Pandas Profiling on Kaggle,0,2020-05-02,689,kaggle
464,Create Your First Kaggle Kernel   Titanic Predictions,0,2020-04-25,1,kaggle
465,Desafio Kaggle: COVID-19,0,2020-04-23,490,kaggle
466,How to run Kaggle Course Exercises,0,2020-04-23,705,kaggle
467,Solving Kaggle Credit Card Fraud Detection Using Pycaret Library- Data Science,1,2020-04-17,10,kaggle
468,Kaggle Data Science L1: C√≥mo participar en retos,0,2020-04-16,1,kaggle
469,"Interview w Mark Landry | Data Science, Kaggle, H2O.ai | AutoML",0,2020-04-16,457,kaggle
470,"Interview with Dmytro Mishkin | Computer Vision Research | Kaggle, ML & Education",0,2020-04-12,264,kaggle
471,AI Abstraction and Reasoning | More Human-like AI | Kaggle Competition Part 1: Overview,0,2020-04-10,378,kaggle
472,Analyticsorama: P1 Titanic Kaggle,0,2020-04-09,1,kaggle
473,"TPUs, systolic arrays, and bfloat16: accelerate your deep learning | Kaggle",0,2020-04-07,12,kaggle
474,Kaggle Days Beijing Highlights 2019 | Kaggle Days Beijing,0,2020-04-07,904,kaggle
475,"Quantitative Careers, Kaggle, IQ, Trading, HFT",0,2020-04-04,3,kaggle
476,COVID-19 Data Analysis and Prediction: Part-1: Data Loading from Kaggle,1,2020-04-04,716,kaggle
477,Kaggle Titanic Competition Top Notebook,0,2020-04-04,296,kaggle
478,How to import kaggle Data set in google colab?,1,2020-04-03,1,kaggle
479,Learn Data Science by Doing Kaggle Competitions: Detecting Deepfakes,1,2020-04-03,736,kaggle
480,Kaggle Tutorial COVID-19 (Timelapse),1,2020-03-29,271,kaggle
481,"Interview with Russ Wolfinger | Statistics, Data Science & Kaggle | NFL Big Data Bowl #14 Pos Sol",0,2020-03-29,450,kaggle
482,How He Became a Kaggle Grandmaster and Got a Computer Vision Engineer Job at Lyft,1,2020-03-24,1,kaggle
483,Binary Image Classification with CNN (Deep Learning) on Kaggle Dogs vs Cats Dataset,0,2020-03-23,1,kaggle
484,Download Data from Kaggle into Colab using API,0,2020-03-22,288,kaggle
485,Start to End Kaggle Competition | House Price Prediction | Data Science Project,0,2020-03-22,2,kaggle
486,ML On Kaggle and Off Kaggle by Aakash Nain | TFUG Kolkata,0,2020-03-22,826,kaggle
487,First hour with a Kaggle Challenge,0,2020-03-21,86,kaggle
488,How to Launch a Kaggle In-Class Data Science Competition,0,2020-03-18,814,kaggle
489,Kaggle Deepfake Detection Challenge: Accepted ‚úî,1,2020-03-16,484,kaggle
490,TF 2.x on Kaggle (TF Dev Summit '20),0,2020-03-16,4,kaggle
491,Download and Import Kaggle Datasets in Google Colaboratory,0,2020-03-15,339,kaggle
492,Applied Machine Learning | Kaggle M5 Forecasting Competition Part3: Naive Forecast and Evaluation,1,2020-03-14,1,kaggle
493,SoLeadSaturday - Episode 14 - Abhishek Thakur #kaggle #datascience #artificialintelligence,0,2020-03-13,23,kaggle
494,Python Tutorial: Winning a Kaggle Competition in Python,1,2020-03-01,359,kaggle
495,How to use kaggle,0,2020-03-01,374,kaggle
496,End to End Machine Learning using python |Kaggle|For Beginners,1,2020-02-25,320,kaggle
497,How to use D-Tale in Kaggle,0,2020-02-24,108,kaggle
498,How to Manage Kaggle Competitions 2/2 - How to Organize & Share Files,0,2020-02-23,507,kaggle
499,Become a Contributor on Kaggle | How to progress on Kaggle,0,2020-02-22,660,kaggle
500,Kaggle Days Meetup Abu Dhabi #3,0,2020-02-18,120,kaggle
501,Feature Eng Techniques & GBDT Implementation (Japanese language) | Daisuke Kadowaki | Kaggle Days,1,2020-02-18,1,kaggle
502,3 Proven Data Science Projects for Beginners (Kaggle),0,2020-02-17,117,kaggle
503,Kaggle„ÅØ„Éá„Éº„Çø„Çµ„Ç§„Ç®„É≥„ÉÜ„Ç£„Çπ„Éà„Å∏„ÅÆÊúÄÈÄü„ÅÆËøëÈÅì„ÄÇ„Åù„Åó„Å¶‰∏ÄÊî´ÂçÉÈáë„ÇÇ„ÄÇ,0,2020-02-15,1,kaggle
504,Kaggle Lyft 3D Object Detection for Autonomous Vehicles ‚Äî –ü–∞–≤–µ–ª –õ–æ–≥–∞—á–µ–≤,0,2020-02-13,1,kaggle
505,What are those little blue underlines in Kaggle Notebooks?  | Kaggle,0,2020-02-10,1,kaggle
506,Kaggle Competition Pipeline Demo,0,2020-02-09,1,kaggle
507,"Becoming The Youngest Kaggle Grandmaster | ML For Japanese Literature | ""Anokas"": Mikel Bober-Irizar",0,2020-02-09,1,kaggle
508,–õ–µ–∫—Ü–∏—è –∏ —Å–µ–º–∏–Ω–∞—Ä –ø–æ Kaggle (21.12.2019),0,2020-02-08,3,kaggle
509,Let's Join Kaggle,0,2020-02-08,442,kaggle
510,–ö–∞–∫ —è –≤–∑—è–ª –∑–æ–ª–æ—Ç–æ –Ω–∞ Kaggle: —Ä–∞–∑–±–æ—Ä –∑–∞–¥–∞—á // –ë–µ—Å–ø–ª–∞—Ç–Ω—ã–π —É—Ä–æ–∫ OTUS,0,2020-02-06,1,kaggle
511,Imputation Strategy (Japanese Language) | Yuji Hiramatsu (Maxwell) | Kaggle Days,0,2020-02-03,1,kaggle
512,How to encode categorical features for GBDT | Ryuji Sakata | Kaggle Days,1,2020-02-03,997,kaggle
513,How to Become a Competition Master at Kaggle,0,2020-02-02,2,kaggle
514,kaggle week1 intro eda data preprocessing,0,2020-02-11,85,kaggle
515,Tips N Tricks #3: Creating a clean inference kernel/notebook on Kaggle,0,2020-02-01,3,kaggle
516,ML Project in Hindi | Kaggle Competition: House Price Prediction-Advance Regression Technique,0,2020-01-31,11,kaggle
517,LANL Earthquake Prediction | Hideki Murata (currypurin) | Kaggle Days,0,2020-01-30,2,kaggle
518,Essential techniques for tabular competition | Kazuki Onodera | Kaggle Days,0,2020-01-30,1,kaggle
519,"Rohan Rao | Numbers, Data Science & Kaggle | ASHRAE - Great Energy Predictor 2nd Pos Sol",0,2020-01-30,1,kaggle
520,Ambiente Kaggle | #01 Python,0,2020-01-29,93,kaggle
521,Intro to BigQuery ML for Kagglers | Polong Lin | Kaggle Days,0,2020-01-29,1,kaggle
522,Kaggle Tutorial PART1,0,2020-01-28,307,kaggle
523,How to succeed in code (kernel) competitions | Dmitry Gordeev | Kaggle Days,0,2020-01-28,2,kaggle
524,Leveling-up Kaggle Competitions | Kaggle CTO Ben Hamner | Kaggle Days,0,2020-01-27,1,kaggle
525,Kuzushiji Reconnition Competition | Tarin Clanuwat | Kaggle Days,0,2020-01-27,787,kaggle
526,Kaggle Days Tokyo: Highlights | Kaggle Days,0,2020-01-26,1,kaggle
527,How to Start a Kaggle Competition - for Beginners,0,2020-01-26,8,kaggle
528,Kaggle Pixel Pro - Building Your Own AI Camera | Pavel Ostyakov | Kaggle Days,1,2020-01-23,866,kaggle
529,"Interview with Kaggle Legend: Gilberto Titericz | Giba, Former #1 | Data Science & Kaggle",0,2020-01-23,1,kaggle
530,How to download data files from Kaggle Notebooks | Kaggle,0,2020-01-15,6,kaggle
531,Use bamboolib on Kaggle,0,2020-01-10,562,kaggle
532,"Eugene Khvedchenya | Kaggle, Computer Vision & Best Code Practises | Severstal Steel, 4th Pos Sol",1,2020-01-09,809,kaggle
533,Kaggle Meetup Talk on Text Similarity - Is it a same question in different words?,1,2020-01-08,245,kaggle
534,BERT for Kaggle Competitions | Yuanhae Wu | Kaggle Days,1,2020-01-07,828,kaggle
535,Winning Kaggle Competitions with Deep Learning | Tao Shen | Kaggle Days,1,2020-01-07,1,kaggle
536,Feature Engineering for Tabular Data | Zhifeng Gao | Kaggle Days,0,2020-01-07,932,kaggle
537,Deep Learning Formulas for NLP Applications | Chenglong Chen | Kaggle,1,2020-01-07,690,kaggle
538,GBDTs - Details & Implementation | Zhifeng Gao | Kaggle Days,1,2020-01-07,427,kaggle
539,Deep Learning for Time Series | Dimitry Larko | Kaggle Days,1,2020-01-06,3,kaggle
540,Essential Techniques for Tabular Competitions | Kazuki Onodera | Kaggle,0,2020-01-06,1,kaggle
541,Time Series 101 | Dmitry Larko | Kaggle Days,0,2020-01-06,1,kaggle
542,How to use Kernels and Forums to Win Kaggle Competitions | by Jian Qiao | Kaggle,0,2020-01-06,1,kaggle
543,Kaggle Competition Tutorial | Presented by Gabor Fodor | Kaggle,0,2020-01-06,805,kaggle
544,How to share research data on Kaggle,0,2020-01-02,1,kaggle
545,ML for Optimization Problems | Qingchen Wang | Kaggle Days,1,2019-12-31,2,kaggle
546,Solving NLP Problems with BERT | Yuanhao Wu | Kaggle,1,2019-12-30,6,kaggle
547,Rachael's Farewell Stream | Kaggle,0,2019-12-27,7,kaggle
548,Kaggle Live Coding: Fuzzy Matching for Spelling Erros | Kaggle,0,2019-12-20,2,kaggle
549,5 ways to add data to your Kaggle Notebook | Kaggle,0,2019-12-19,3,kaggle
550,Kaggle Reading Group:  On NMT Search Errors and Model Errors: Cat Got Your Tongue? (Part 2) | Kaggle,0,2019-12-18,1,kaggle
551,Kaggle Live Coding: Trying out Kaggle Tasks (new!)  | Kaggle,0,2019-12-13,2,kaggle
552,"kaggle 01 | Belajar Exploratory Data Analysis, Visualisasi Data, Klasifikassi | Machine Learning",0,2019-12-10,7,kaggle
553,Interview with Jeremy Howard | fast.ai | Kaggle | Machine Learning Research,0,2019-12-08,5,kaggle
554,Kaggle Live-Coding: How to come up with ideas for a project ü§î  | Kaggle,0,2019-12-06,3,kaggle
555,Practical Model Evaluation: Evaluating our models | Kaggle,1,2019-12-05,3,kaggle
556,Kaggle Competitions & GitHub Code Repositories | [Webinar on Kaggle Competitions] | ExcelR | 2019,0,2019-12-05,489,kaggle
557,Practical Model Evaluation: Training models with automated machine learning | Kaggle,0,2019-12-04,4,kaggle
558,Practical Model Evaluation: What matters for your model? | Kaggle,0,2019-12-03,8,kaggle
559,Using Cloud AutoML in Kaggle Notebooks | Kaggle,0,2019-12-02,2,kaggle
560,KaggleÊú¨„Å´„Å§„ÅÑ„Å¶„ÄÅÊÄù„Å£„Åü„Åì„Å®„ÇíÁéáÁõ¥„Å´Ë™û„Çä„Åæ„Åô„ÄÇ,0,2019-11-28,2,kaggle
561,"Kaggle ÎåÄÌöåÏùò Îú®Í±∞Ïö¥ Í∞êÏûê, Data Leak ÏïåÏïÑÎ≥¥Í∏∞",0,2019-11-23,685,kaggle
562,Kaggle APTOS 2019 Blindness Detection ‚Äî Borys Tymchenko,0,2019-11-20,572,kaggle
563,New Workshop: Practical Model Evaluation (ft autoML) | Kaggle,0,2019-11-19,1,kaggle
564,Kaggle ÎåÄÌöå ÏãúÏûëÌïòÍ∏∞ #2,0,2019-11-16,697,kaggle
565,Kaggle Livecoding: Data cleaning!üßπ  | Kaggle,0,2019-11-08,6,kaggle
566,What is automated machine learning? | Kaggle,0,2019-11-04,9,kaggle
567,How to Update a Dataset On Kaggle | Kaggle,0,2019-11-04,1,kaggle
568,Medalling in all Entered Kaggle Comp | IEEE-CIS Comp 6th Pos Sol | Interview with Dr Philipp Singer,0,2019-11-03,1,kaggle
569,Kaggle Meetup: Fraud Detection,1,2019-11-01,548,kaggle
570,Kaggle for Begginers - Book Review Episode 7,0,2019-10-31,2,kaggle
571,Machine Learning para Competi√ß√µes Kaggle - Curso 1,0,2019-10-31,678,kaggle
572,Kaggle Reading Group: Learning from Dialogue after Deployment | Kaggle,0,2019-10-30,4,kaggle
573,Interview with Kaggle Kernels GM: Shivam Bansal | Chai Time Data Science,0,2019-10-29,470,kaggle
574,Curso Introducci√≥n al Machine Learning con Kaggle - [02] - Qu√© es Kaggle?,0,2019-10-26,944,kaggle
575,Curso Introducci√≥n al Machine Learning con Kaggle - [01] - Presentaci√≥n,0,2019-10-25,1,kaggle
576,Kaggle Live Coding: Data Cleaning for AutoML | Kaggle,1,2019-10-25,2,kaggle
577,How to Use Utility Scripts on Kaggle | Kaggle,0,2019-10-24,2,kaggle
578,Meet the Kaggle Grandmasters - #H2OWorld 2019 NYC,0,2019-10-23,1,kaggle
579,Fall 2019 Kaggle Competition for Applications of Deep Learning (8.5),0,2019-10-21,780,kaggle
580,Kaggle Live Coding: Automatic Machine Learning | Kaggle,0,2019-10-18,3,kaggle
581,Kaggle Reading Group: EfficientNet | Kaggle,0,2019-10-16,5,kaggle
582,"Kaggle InClass Fall 2019 Coming October 21, 2019 will be Natural Language Processing",0,2019-10-16,521,kaggle
583,How to compete in Kaggle with automated machine learning,0,2019-10-13,86,kaggle
584,Kaggle Live Coding: Automating report generation | Kaggle,1,2019-10-11,2,kaggle
585,How to Upload a Dataset to Kaggle | Kaggle,0,2019-10-09,10,kaggle
586,Kaggle Live Coding: Making code modular | Kaggle,0,2019-10-04,1,kaggle
587,Kaggle Reading Group: Deep Learning for Symbolic Mathematics,0,2019-10-02,2,kaggle
588,Kaggle Generative Dog Images ‚Äî –î–º–∏—Ç—Ä–∏–π –í–æ—Ä–æ–±—å–µ–≤,0,2019-10-02,834,kaggle
589,How to Get Started with Kaggle‚Äôs Titanic Competition | Kaggle,0,2019-09-30,154,kaggle
590,[Kaggle] Titanic Problem using Excel #14 - sklearn train test split,0,2019-09-25,536,kaggle
591,6 Steps for More Professional Data Science Code | Kaggle,1,2019-09-25,6,kaggle
592,Kaggle Coffee Chat: David Ha | Kaggle,0,2019-09-24,3,kaggle
593,Solving A Kaggle Data Science Project From Scratch,1,2019-09-23,7,kaggle
594,Kaggle Live Coding: Automatically generating reports | Kaggle,1,2019-09-20,2,kaggle
595,Kaggle Predicting Molecular Properties ‚Äî Andrew Lukyanenko,1,2019-09-19,1,kaggle
596,Kaggle Reading Group: Weight Agnostic Neural Networks (Part 2) | Kaggle,0,2019-09-18,1,kaggle
597,Kaggle Competition- Dengue or Malaria Prediction Using Transfer Learning VGG19,1,2019-09-17,5,kaggle
598,Alexa: Which is the Best Instance to Run Machine Learning Inference? - AWS Online Tech Talks,0,2020-10-26,28,deep+learning
599,AI Chihuahua: Why Machine Learning is Dogged by Failure and Delays - Ian Hellstr√∂m (D2iQ),0,2020-10-26,2,deep+learning
600,Plant Leaf Disease Recognition Using Deep Learning Approach,1,2020-10-26,2,deep+learning
601,Directions in ML: AutoML & Interpretability: Powering the machine learning revolution in healthcare,1,2020-10-26,258,deep+learning
602,09 Introduction To Deep Learning: Reinforcement Learning,0,2020-10-26,2,deep+learning
603,Introduction to Machine Learning  - AI Master Class series Day 22,0,2020-10-26,4,deep+learning
604,"Waa maxay Artificial Intelligence (AI), Machine Learning (ML) & Deep Learning (DL)",0,2020-10-26,15,deep+learning
605,Solving with AWS Solutions: Predictive Maintenance Using Machine Learning,1,2020-10-26,441,deep+learning
606,Introduction to Machine Learning Solution | Week-6 Assignment Solution | NPTEL Jul-Dec 2020 | NPTEL,0,2020-10-26,3,deep+learning
607,"Convolution padding and stride | Deep Learning Tutorial 25 (Tensorflow2.0, Keras & Python)",0,2020-10-26,318,deep+learning
608,New AI and Machine Learning Research | The Rise of the Data Scientist,0,2020-10-26,19,deep+learning
609,Deep Learning in Simulink,0,2020-10-26,343,deep+learning
610,Swiss Smart Factory Deep Dive: Machine Learning,0,2020-10-26,11,deep+learning
611,Deep Learning 1,0,2020-10-26,3,deep+learning
612,02 Introduction To Deep Learning:  How Artificial Intelligence Works,0,2020-10-26,1,deep+learning
613,Uncovering Opportunities: How Finance Executives Can Use Machine Learning To Gain A Leading Edge,1,2020-10-26,1,deep+learning
614,Certified Deep Learning Engineer - Capstone Project,0,2020-10-26,3,deep+learning
615,Deep Learning - NPTEL || WEEK 6 ASSIGNMENT SOLUTION ||,0,2020-10-26,21,deep+learning
616,"Deep Learning - 2.1.2.1 - Regularization, Why regularization reduces overfitting",0,2020-10-26,3,deep+learning
617,Learn Machine Learning with Python,0,2020-10-26,1,deep+learning
618,Deep Learning,0,2020-10-26,3,deep+learning
619,Machine Learning Applications in Antenna Design,1,2020-10-26,275,deep+learning
620,Classify Scanned and fully text PDF document In Machine Learning - Demo,0,2020-10-26,51,deep+learning
621,"–ö—É—Ä—Å ""Deep Learning"" —Å –ª–µ–∫—Ç–æ—Ä –ô–æ—Ä–¥–∞–Ω –î–∞—Ä–∞–∫—á–∏–µ–≤",0,2020-10-26,82,deep+learning
622,"MUST KNOW Time Series Analysis in Statistics and Machine Learning [ARIMA, LSTM, MLSTM-FCN, Finance]",1,2020-10-25,73,deep+learning
623,Machine learning free Udemy Certificate Course | Deep learning free certificate Course #shorts,0,2020-10-25,1,deep+learning
624,7. Deep Learning Tutorial (Bengali) | Data Augmentation in CNN & Deep Learning | Data Science Course,0,2020-10-25,39,deep+learning
625,TESLA Stock Price Prediction Deep Learning Trailer. Soon...,1,2020-10-25,224,deep+learning
626,siam single object detection and tracking deep learning in chennai malls,0,2020-10-25,3,deep+learning
627,Machine Learning Models- Weekly Session Live,0,2020-10-24,260,deep+learning
628,"Difference between Artificial Intelligence, Machine Learning, Deep learning and Data Science",0,2020-10-24,110,deep+learning
629,Deep Learning Cloud with Filecoin,0,2020-10-24,1,deep+learning
630,Julio Adolfo Zucon Trecenti - Introdu√ß√£o ao Deep Learning com R Palestra,0,2020-10-24,630,deep+learning
631,What is Deep Learning ?,0,2020-10-24,162,deep+learning
632,Jannik Z√ºrn - Deep Learning for CFD & Robotics | Podcast #19,1,2020-10-24,236,deep+learning
633,Day 4 | Pantech Learnathon on Python for Machine Learning | Panimalar Institute of Technology,0,2020-10-24,716,deep+learning
634,Hands on Data Analysis and Machine Learning in Tensorflow Day:1,0,2020-10-24,179,deep+learning
635,Image classification using CNN (CIFAR10 dataset) | Deep Learning Tutorial 24 (Tensorflow & Python),0,2020-10-24,2,deep+learning
636,Tutorial 1- Introduction To Julia Programming  Language For Machine Learning,0,2020-10-24,6,deep+learning
637,Universal Approximation Theorem: Why does Deep Learning work?,0,2020-10-24,17,deep+learning
638,Deep Learning- Handwritten Digits Recognition Tutorial | Tensorflow | CNN | for beginners,0,2020-10-24,12,deep+learning
639,Convolution Neural  Network | ExcelR Everyday Learning | Simplifying AI & Deep Learning,0,2020-10-23,231,deep+learning
640,#TWIMLfest: Fundamentals of Medical Image Processing for Deep Learning,1,2020-10-23,129,deep+learning
641,Workflows for Data Scientists and Machine Learning #MLOps,0,2020-10-23,654,deep+learning
642,"Magnimind Academy - Educating curiosity! - (Data Science, Machine Learning, AI, Python Bootcamp)",0,2020-10-23,12,deep+learning
643,üé•Udemy -Data Science and Machine Learning in Python Review[English],0,2020-10-23,41,deep+learning
644,Introdu√ß√£o √† Machine Learning com Weka,0,2020-10-23,117,deep+learning
645,"TensorDash- How To Monitor Your Deep Learning Model Metrics, Loss, Accuracy Using Mobile App",0,2020-10-23,2,deep+learning
646,"Do the word AI, Machine Learning, Deep Learning Tickle your Intellectual Hunger?",0,2020-10-23,12,deep+learning
647,Machine learning course | How ML works? | Types | Algorithm | Theoretical concept into program,0,2020-10-23,41,deep+learning
648,NeurIPS 2020: Probabilistic Linear Solvers for Machine Learning,0,2020-10-23,169,deep+learning
649,Python Machine Learning Course 2021 - Lists in Python & Python List Functions || Python List Methods,0,2020-10-23,135,deep+learning
650,Machine Learning in Environmental Science and Prediction: An Overview | AISC,1,2020-10-22,124,deep+learning
651,How to build a machine learning model - Complete guide for your first data science project,0,2020-10-22,103,deep+learning
652,Deep Learning for Text Analysis with BERT,1,2020-10-22,117,deep+learning
653,Deep Learning - Lecture 2.1,0,2020-10-22,88,deep+learning
654,22. Regulation of Machine Learning / Artificial Intelligence in the US,0,2020-10-22,535,deep+learning
655,13. Machine Learning for Mammography,1,2020-10-22,81,deep+learning
656,The role of Artificial Intelligence and Machine Learning (AI/ML) in the 6G design and operation,0,2020-10-22,52,deep+learning
657,Smart Expense Management using Machine Learning,0,2020-10-22,130,deep+learning
658,Python Machine Learning for Beginners (data types and variables) | TensorFlow Lite Android Tutorial,0,2020-10-22,164,deep+learning
659,169 - Deep Learning made easy with AutoKeras,0,2020-10-22,369,deep+learning
660,Kaggle Mini Courses - Intermediate Machine Learning,0,2020-10-21,52,deep+learning
661,Kartik Chaudhari on Applying Machine Learning in Industry | The Tech Ketchup Show 07,0,2020-10-21,186,deep+learning
662,Practical Deep Learning for Coders - Full Course from fast.ai and Jeremy Howard,0,2020-10-21,43,deep+learning
663,Object Detection on Lidar Point Clouds Using Deep Learning,1,2020-10-21,1,deep+learning
664,Using machine learning to understand housing energy efficiency | Office for National Statistics,1,2020-10-21,57,deep+learning
665,Applied Machine Learning Full Course with 4 Industry Data Science Projects [plus Notebooks + Data]!!,0,2020-10-21,1,deep+learning
666,#TWIMLfest: Deep Learning in Medical Imaging,1,2020-10-21,181,deep+learning
667,Practical Machine Learning with Tensorflow - NPTEL || WEEK 5 ASSIGNMENT SOLUTION ||,0,2020-10-20,315,deep+learning
668,Introduction to Machine Learning Solution | Week-5 Assignment Solution | NPTEL Jul-Dec 2020 | NPTEL,0,2020-10-20,140,deep+learning
669,Thelio Mega - Machine Learning for Weather Prediction,1,2020-10-20,741,deep+learning
670,Convolutional Neural Networks | ExcelR everyday learning | Simplifying AI and Deep Learning,0,2020-10-20,493,deep+learning
671,Predict iPhone Price Using Machine Learning (Python),1,2020-10-20,3,deep+learning
672,Wine Quality Test Using Machine Learning | Data Science For Beginners | Great Learning,0,2020-10-20,2,deep+learning
673,Machine Learning for Aerodynamics - Deep Learning & Neural Networks applied to CFD simulations,1,2020-10-20,1,deep+learning
674,NPTEL Deep Learning Week 5 Quiz Assignment Solutions and Answers || August 2020 || Swayam,0,2020-10-20,323,deep+learning
675,"Using System76 Laptop for Deep Learning, An Update!",0,2020-10-19,3,deep+learning
676,NPTEL  Introduction to Machine Learning Week 5 Assignment Solutions | Swayam 2020,0,2020-10-19,1,deep+learning
677,Xgboost Regression In-Depth Intuition Explained- Machine Learning Algorithms üî•üî•üî•üî•,0,2020-10-19,3,deep+learning
678,Deep Learning Dev Con - 29th -30th Oct - Speakers Announced,0,2020-10-19,259,deep+learning
679,NPTEL Introduction to Machine Learning WEEK - 5 Assignment Answer | JUL - DEC 2020 | Mr Hackyy,0,2020-10-19,400,deep+learning
680,Data Science vs Machine Learning ‚Äì What's The Difference | Data Science Tutorial | Simplilearn,0,2020-10-18,3,deep+learning
681,Interview Prep Day 6-How To Learn Machine Learning Algorithms For Interviews-Random Forest Algoüî•üî•üî•üî•,0,2020-10-17,2,deep+learning
682,How to learn deep learning? (Transformers Example),0,2020-10-17,1,deep+learning
683,ExcelR's Everyday Learning| Master Machine Learning in 11Hrs,0,2020-10-17,535,deep+learning
684,How to Prepare For Deep Learning Interviews- Important Interview Questions in ANN-Part 1üî•üî•üî•üî•,1,2020-10-17,2,deep+learning
685,"AI vs ML vs Deep Learning | Difference between AI, ML and DL | AI-ML Training | Edureka",0,2020-10-16,4,deep+learning
686,Deep learning Using TensorFlow In Python | Tensorflow Tutorial | AI-ML Training | Edureka | Live - 3,0,2020-10-16,4,deep+learning
687,Deep Learning - Lecture 1.1,0,2020-10-15,877,deep+learning
688,Improving Tuberculosis Monitoring with Deep Learning,1,2020-10-12,4,deep+learning
689,A Beginner's Overview of Real World Deep Learning Applications in Computer Vision and NLP,0,2020-10-12,20,deep+learning
690,"useR! 2020: Deep Learning with Keras and TensorFlow (S. Elsinghorst), tutorial",0,2020-10-11,1,deep+learning
691,Which NVIDIA GPU Should you get for Deep Learning as of October 2020,0,2020-10-07,3,deep+learning
692,Complete Roadmap for Machine Learning || Noob to Advanced || ML 2020,0,2020-10-07,85,deep+learning
693,Complete Road Map To Prepare For Deep Learningüî•üî•üî•üî•,0,2020-10-01,14,deep+learning
694,GANs for Good- A Virtual Expert Panel by DeepLearning.AI,1,2020-09-30,83,deep+learning
695,Machine learning without code in the browser,0,2020-09-29,97,deep+learning
696,Old Photo Restoration Using Deep Learning | 2020 Novel Approach Explained & Results,1,2020-09-26,2,deep+learning
697,Artificial intelligence vs deep learning vs machine learning in telugu,0,2020-09-24,157,deep+learning
698,Handling imbalanced dataset in machine learning | Deep Learning Tutorial 21 (Tensorflow2.0 & Python),0,2020-09-24,2,deep+learning
699,"Gradient Flow Snapshot #20: Deep Learning for navigation,  Accelerating NLP model tuning, Legacy IT",1,2020-09-18,883,deep+learning
700,What is Keras | Complete explanation of Keras Deep Learning API | Deep Learning,0,2020-09-18,159,deep+learning
701,Deep Learning Interview Questions And Answers | AI & Deep Learning Interview Questions | Intellipaat,1,2020-09-14,1,deep+learning
702,How I'd start learning machine learning again (3 years in),0,2020-09-12,37,deep+learning
703,Automatic Number Plate Recognition (ANPR/ALPR) system using deep learning to monitor 6-lane highway,1,2020-09-09,480,deep+learning
704,"Precision, Recall, F1 score, True Positive|Deep Learning Tutorial 19 (Tensorflow2.0, Keras & Python)",0,2020-09-08,2,deep+learning
705,How To Train Deep Learning Models In Google Colab- Must For Everyone,0,2020-09-06,11,deep+learning
706,Building a Deep Learning PC,0,2020-09-06,10,deep+learning
707,"Feature-based, Direct, and Deep Learning Methods of Visual Odometry",0,2020-09-04,421,deep+learning
708,How to convert PDFs to audiobooks with machine learning,0,2020-09-01,314,deep+learning
709,DeepSORT - DEEP LEARNING applied to OBJECT TRACKING,1,2020-08-31,3,deep+learning
710,What's the difference between machine learning and deep learning?,0,2020-08-28,70,deep+learning
711,"Live- Attention Models, Transformers And Bert In depth Intuition Deep Learning- Part 2",1,2020-08-26,8,deep+learning
712,K√ºnstliche Intelligenz vs. Machine Learning vs. Deep Learning | #KI,0,2020-08-25,9,deep+learning
713,What is Deep Java Library(DJL) - Deep Learning Toolkit for Java Developers,0,2020-08-24,174,deep+learning
714,ECCV 2020 Tutorial on Adversarial Robustness of Deep Learning Models by Pin-Yu Chen (IBM Research),0,2020-08-23,400,deep+learning
715,"The Neural Network, A Visual Introduction | Visualizing Deep Learning, Chapter 1",0,2020-08-23,73,deep+learning
716,"Webinar on Recent Trends in Machine Learning and Deep Learning August 19-21, 2020 About the Webinar",0,2020-08-23,146,deep+learning
717,Lesson 8 - Deep Learning for Coders (2020),0,2020-08-21,8,deep+learning
718,Lesson 1 - Deep Learning for Coders (2020),0,2020-08-21,86,deep+learning
719,Lesson 3 - Deep Learning for Coders (2020),0,2020-08-21,19,deep+learning
720,Lesson 2 - Deep Learning for Coders (2020),0,2020-08-21,33,deep+learning
721,Building 3500$ Deep Learning Workstation | Deep Learning PC build From Scratch,0,2020-08-20,9,deep+learning
722,Deep Learning PC Build 2020 (illustrating each part),0,2020-08-20,1,deep+learning
723,Finally Built My Deep Learning And Gaming Workstation With Nvidia Titan RTX GPU üî•üî•üî•üî•üî•- It's A Beastüî•,0,2020-08-19,17,deep+learning
724,10 Activation Functions in 10 Minutes | Basics of Neural Network | Deep Learning | Streamlit,0,2020-08-16,699,deep+learning
725,"Explained : Differences between Artificial Intelligence, Machine Learning,Deep Learning,Data Science",0,2020-08-15,577,deep+learning
726,Deep Learning-Based Cough Recognition Model Helps Detect Location of Coughing Sounds in Real Time‚Äã,1,2020-08-14,1,deep+learning
727,"What's the Difference Between AI, Machine Learning, and Deep Learning?",0,2020-08-10,393,deep+learning
728,Lecture 1: Introduction to Deep Learning for Computer Vision,0,2020-08-10,22,deep+learning
729,Defect Detection with Cognex Deep Learning,1,2020-08-06,1,deep+learning
730,Is this still the best book on Machine Learning?,0,2020-08-05,111,deep+learning
731,PC build for Programmers | Deep learning and Android studio PC build,0,2020-08-01,22,deep+learning
732,What Is Deep Learning (The Rise of Artificial Intelligence),0,2020-08-01,3,deep+learning
733,Deep Learning Crash Course for Beginners,0,2020-07-30,53,deep+learning
734,ARTIFICIAL INTELLIGENCE vs MACHINE LEARNING vs DEEP LEARNING | Machine Learning with Python,0,2020-07-30,10,deep+learning
735,Break into NLP hosted by deeplearning.ai,0,2020-07-29,31,deep+learning
736,Deep Learning: Beyond the Hype,0,2020-07-28,12,deep+learning
737,TensorFlow 2.0 Tutorial For Beginners | TensorFlow Demo | Deep Learning & TensorFlow | Simplilearn,0,2020-07-27,5,deep+learning
738,Webinar 10 - Machine Learning & Deep Learning Applications In Astronomy & Biology,0,2020-07-20,97,deep+learning
739,"Gradient Flow Snapshot #11: Cost-effective Data Platforms, Deep Learning & NLP , Data Science Skills",0,2020-07-17,630,deep+learning
740,"Pytorch vs Tensorflow vs Keras | Deep Learning Tutorial 6 (Tensorflow Tutorial, Keras & Python)",0,2020-07-17,9,deep+learning
741,How to build a PC for Deep Learning (on a budget)?,0,2020-07-17,2,deep+learning
742,Entry-level Deep Learning PC Build for Programmers - Kompyuter Talyer Series,0,2020-07-16,66,deep+learning
743,"Install tensorflow 2.0 | Deep Learning Tutorial 5 (Tensorflow Tutorial, Keras & Python)",0,2020-07-16,9,deep+learning
744,Text Classification Explained | Sentiment Analysis Example | Deep Learning Applications | Edureka,1,2020-07-14,2,deep+learning
745,Can AI make me a better athlete? | Using machine learning to analyze penalty kicks,1,2020-07-14,11,deep+learning
746,Sergey Levine: Robotics and Machine Learning | Lex Fridman Podcast #108,0,2020-07-14,58,deep+learning
747,"What is a neuron? | Deep Learning Tutorial 3 (Tensorflow Tutorial, Keras & Python)",0,2020-07-13,9,deep+learning
748,Coursera: AI For Everyone Quiz Answers | AI For Everyone Assignment Solutions| Deeplearning.ai,0,2020-07-12,5,deep+learning
749,2020 Machine Learning Roadmap,0,2020-07-12,299,deep+learning
750,"Introduction | Deep Learning Tutorial 1 (Tensorflow Tutorial, Keras & Python)",0,2020-07-11,20,deep+learning
751,How to extract text from images using EasyOCR Python Library (Deep Learning),1,2020-07-10,5,deep+learning
752,Neural Networks and Deep Learning Coursera Quiz Answers and Assignments Solutions | Deeplearning.ai,0,2020-07-10,7,deep+learning
753,How to train a deep learning model using docker?,1,2020-07-09,6,deep+learning
754,Solution for Live Hackathon on Hackerearth | Identify Dance Form using Deep Learning - Part 3,0,2020-07-04,462,deep+learning
755,Deep Learning of Dynamics and Coordinates with SINDy Autoencoders,1,2020-07-03,15,deep+learning
756,How to Cartoon Yourself using Deep Learning,1,2020-07-03,6,deep+learning
757,I show 16-inch MacBook Pro's real-world performance on MACHINE LEARNING algorithms,0,2020-06-30,8,deep+learning
758,PIRC -  Deep Learning based MPPT controller for  200 W Photovoltaic system,1,2020-07-11,182,deep+learning
759,SIGNATURE VERIFICATION SYSTEM USING DEEP LEARNING,1,2020-07-10,130,deep+learning
760,Deep Learning with PyTorch Live Course - GANs for Image Generation (Part 6 of 6),0,2020-06-27,28,deep+learning
761,Build your own Deep learning Machine - What you need to know,0,2020-06-26,22,deep+learning
762,Slopes of Machine Learning - Computerphile,0,2020-06-26,64,deep+learning
763,1. Artificial Intelligence and Machine Learning,0,2020-06-25,78,deep+learning
764,Discovering Symbolic Models from Deep Learning with Inductive Biases (Paper Explained),0,2020-06-25,20,deep+learning
765,Scikit-Learn Course - Machine Learning in Python Tutorial,0,2020-06-23,64,deep+learning
766,DeepMind x UCL | Deep Learning Lectures | 10/12 |  Unsupervised Representation Learning,1,2020-06-22,10,deep+learning
767,Building 3D deep learning models with PyTorch3D,0,2020-06-14,8,deep+learning
768,Deep Learning with PyTorch Live Course - Image Classification with CNNs (Part 4 of 6),0,2020-06-13,30,deep+learning
769,Chat Bot With PyTorch - NLP And Deep Learning - Python Tutorial (Part 1),1,2020-06-08,18,deep+learning
770,Top 10 Machine Learning Algorithms in 2020 | Learn ML in 2020 | Machine Learning Training | Edureka,0,2020-06-06,17,deep+learning
771,Deep Learning - L00 Apresenta√ß√£o do curso de Deep Learning,0,2020-06-04,1,deep+learning
772,Build a machine learning node for Node-RED using TensorFlow.js,0,2020-06-04,4,deep+learning
773,Best Laptop For Machine Learning & Deep Learning |Best Laptop For Machine Learning 2020 |Simplilearn,0,2020-06-03,17,deep+learning
774,"Object Detection using Python, OpenCV and Deep Learning",1,2020-06-01,12,deep+learning
775,DeepMind x UCL | Deep Learning Lectures | 3/12 | Convolutional Neural Networks for Image Recognition,0,2020-06-01,23,deep+learning
776,DeepMind x UCL | Deep Learning Lectures | 6/12 | Sequences and Recurrent Networks,0,2020-06-01,23,deep+learning
777,DeepMind x UCL | Deep Learning Lectures | 2/12 |  Neural Networks Foundations,0,2020-06-01,39,deep+learning
778,DeepMind x UCL | Deep Learning Lectures | 1/12 | Intro to Machine Learning & AI,0,2020-06-01,144,deep+learning
779,DeepMind x UCL | Deep Learning Lectures | 5/12 |  Optimization for Machine Learning,0,2020-06-01,16,deep+learning
780,Learn Machine Learning and Artificial Intelligence Course Full Online | ML and AI Course,0,2020-05-31,21,deep+learning
781,Machine Learning Project | Python Machine Learning | Intellipaat,0,2020-05-31,4,deep+learning
782,Detecting Skin Cancer (Melanoma) With Deep Learning,1,2020-05-31,14,deep+learning
783,Machine Learning Foundations: Ep #7 - Image augmentation and overfitting,0,2020-05-27,10,deep+learning
784,Top Deep Learning Algorithms You Should Know About | Deep Learning Algorithms Explained |Simplilearn,0,2020-05-27,7,deep+learning
785,Machine Learning Projects in Python | Deep Learning | Opencv | Final Year Projects,0,2020-05-26,9,deep+learning
786,Stock Price Prediction And Forecasting Using Stacked LSTM- Deep Learning,1,2020-05-25,44,deep+learning
787,"Deep Learning with PyTorch Live Course - Tensors, Gradient Descent & Linear Regression (Part 1 of 6)",0,2020-05-23,109,deep+learning
788,Machine Learning Foundations: Ep #6 - Convolutional cats and dogs,0,2020-05-23,12,deep+learning
789,The Deep Learning Revolution,0,2020-05-21,3,deep+learning
790,Creating a Game with Learning AI in Unity! (Tutorial / Machine Learning),0,2020-05-20,62,deep+learning
791,Machine Learning Foundations: Ep #5 - Classifying real-world images,0,2020-05-20,14,deep+learning
792,Machine Learning Foundations: Ep #4 - Coding with Convolutional Neural Networks,0,2020-05-16,18,deep+learning
793,Artificial Intelligence Machine Learning Deep Learning PPT PowerPoint Presentation Slide Templates,0,2020-05-13,223,deep+learning
794,Dawn Song: Adversarial Machine Learning and Computer Security | Lex Fridman Podcast #95,0,2020-05-12,43,deep+learning
795,Top 10 Machine Learning Projects | Machine Learning Projects For Beginners | Simplilearn,0,2020-05-12,15,deep+learning
796,Stock Prediction using Machine Learning and Python | Machine Learning Training | Edureka,1,2020-04-24,61,deep+learning
797,"Intro to Deep Learning -- Student Presentations, Day 1 [Stat453, SS20]",0,2020-04-23,1,deep+learning
798,In-Sight D900 Deep Learning Vision System,0,2020-04-20,6,deep+learning
799,Deep Learning 60:  Architecture of Graph Neural Network,0,2020-04-18,4,deep+learning
800,Machine Learning Course | Learn Machine Learning | Machine Learning Tutorial | Intellipaat,0,2020-04-17,320,deep+learning
801,How to Code a Deep Learning Model in TensorFlow.js,0,2020-04-17,2,deep+learning
802,Lecture 14 - Expectation-Maximization Algorithms | Stanford CS229: Machine Learning (Autumn 2018),0,2020-04-17,16,deep+learning
803,Lecture 11 - Introduction to Neural Networks | Stanford CS229: Machine Learning (Autumn 2018),0,2020-04-17,20,deep+learning
804,Lecture 6 - Support Vector Machines | Stanford CS229: Machine Learning (Autumn 2018),0,2020-04-17,26,deep+learning
805,Lecture 7 - Kernels | Stanford CS229: Machine Learning (Autumn 2018),0,2020-04-17,18,deep+learning
806,"Lecture 8 - Data Splits, Models & Cross-Validation | Stanford CS229: Machine Learning (Autumn 2018)",0,2020-04-17,13,deep+learning
807,Lecture 4 - Perceptron & Generalized Linear Model | Stanford CS229: Machine Learning (Autumn 2018),0,2020-04-17,36,deep+learning
808,Lecture 3 - Locally Weighted & Logistic Regression | Stanford CS229: Machine Learning (Autumn 2018),0,2020-04-17,61,deep+learning
809,Lecture 2 - Linear Regression and Gradient Descent | Stanford CS229: Machine Learning (Autumn 2018),0,2020-04-17,156,deep+learning
810,Lecture 1 - Welcome | Stanford CS229: Machine Learning (Autumn 2018),0,2020-04-17,407,deep+learning
811,Machine Learning in Hindi | Machine Learning Tutorial in Hindi | Python for Machine Learning | 2020,0,2020-04-16,138,deep+learning
812,Introduction to Convolutional Neural Networks(CNN) With TensorFlow | Edureka | Deep Learning Live -1,0,2020-04-14,3,deep+learning
813,Machine Learning for Scent | MIT 6.S191,0,2020-04-10,24,deep+learning
814,Deep learning Tutorial | Deep learning Full Course 2020 |  Complete Deep Learning for Beginners,0,2020-04-06,40,deep+learning
815,Data Science Project- Credit Card Fraud Detection using Machine Learning | Python Training |Edureka,1,2020-04-03,17,deep+learning
816,"Kh√°c nhau gi·ªØa tr√≠ tu·ªá nh√¢n t·∫°o (AI), Machine Learning v√† Deep Learning |Tri th·ª©c nh√¢n lo·∫°i",0,2020-04-01,34,deep+learning
817,Deep Learning Chatbot R&D,1,2020-03-31,41,deep+learning
818,Don't learn machine learning,0,2020-03-29,162,deep+learning
819,COVID - 19 Outbreak Prediction using Machine Learning | Machine Learning Training | Edureka,1,2020-03-29,86,deep+learning
820,"Pete Daykin, Wordnerds - AI, Paradigm Shifts and Deep Learning",0,2020-03-27,1,deep+learning
821,CSE - Artificial Intelligence & Machine Learning -Best Colleges | Top Jobs | Salary Trends,0,2020-03-24,47,deep+learning
822,Most Popular Machine Learning Libraries | 2013-2019,0,2020-03-22,95,deep+learning
823,Coronavirus Outbreak Prediction Using Machine Learning | Predicted vs Actual | Simplilearn,1,2020-03-18,89,deep+learning
824,Tutorial 33-  Installing Cuda Toolkit And cuDNN For Deep Learning,0,2020-03-15,21,deep+learning
825,Deep Learning New Frontiers | MIT 6.S191,0,2020-03-13,91,deep+learning
826,10 Machine Learning & Deep Learning Project Ideas for Resume | For a B.Tech Student | Prateek Narang,1,2020-03-13,43,deep+learning
827,#1 Apprendre le Deep learning avec Tensorflow - Part 1 - C'est quoi le Deep Learning ?,0,2020-03-09,4,deep+learning
828,The Role of AI and Machine Learning in Mechanical Engineering,0,2020-03-05,24,deep+learning
829,"Facebook Ads Machine Learning: Smarter Than a Seasoned Media Buyer? | Savannah Sanchez, AWasia 2019",1,2020-03-01,23,deep+learning
830,5 VERY COOL open source machine learning projects,1,2020-02-28,13,deep+learning
831,How to get machine learning jobs? | Technical Skills Required to Become a Machine Learning Engineer,1,2020-02-28,8,deep+learning
832,$25000 Deep Learning Workstation liquidcooling build,0,2020-02-28,371,deep+learning
833,Life as an AI Researcher & Machine Learning Engineer | Technology | J.P. Morgan,0,2020-02-27,364,deep+learning
834,"Week 1 ‚Äì Lecture: History, motivation, and evolution of Deep Learning",0,2020-02-23,51,deep+learning
835,Andrew Ng: Advice on Getting Started in Deep Learning | AI Podcast Clips,0,2020-02-21,50,deep+learning
836,"Andrew Ng: Deep Learning, Education, and Real-World AI | Lex Fridman Podcast #73",0,2020-02-20,177,deep+learning
837,Coronavirus Deep Learning Competition,1,2020-02-17,80,deep+learning
838,What Are GANs? | Generative Adversarial Networks Explained | Deep Learning With Python | Edureka,1,2020-02-16,33,deep+learning
839,Complete Statistical Theory of Learning (Vladimir Vapnik) | MIT Deep Learning Series,0,2020-02-15,39,deep+learning
840,Machine Learning with Python | Machine Learning Tutorial for Beginners | Machine Learning Tutorial,0,2020-02-13,594,deep+learning
841,Cheapest Deep Learning PC in 2020,0,2020-02-10,77,deep+learning
842,Barack Obama: Intro to Deep Learning | MIT 6.S191,0,2020-02-10,482,deep+learning
843,Introdu√ß√£o a Redes Neurais e Deep Learning,0,2020-02-10,14,deep+learning
844,MIT Introduction to Deep Learning | 6.S191,0,2020-02-08,713,deep+learning
845,11- Preprocessing audio data for Deep Learning,1,2020-02-06,15,deep+learning
846,"Efficient Computing for Deep Learning, Robotics, and AI (Vivienne Sze) | MIT Deep Learning Series",1,2020-01-23,37,deep+learning
847,Privacy Preserving AI (Andrew Trask) | MIT Deep Learning Series,0,2020-01-19,41,deep+learning
848,Research in Brief: Yann LeCun on the future of deep learning hardware,0,2020-01-16,3,deep+learning
849,Bias-Variance In Machine Learning | Bias Variance Trade Off | Machine Learning Training | Edureka,0,2020-01-15,11,deep+learning
850,"Daniel Kahneman: Thinking Fast and Slow, Deep Learning, and AI | Lex Fridman Podcast #65",0,2020-01-14,165,deep+learning
851,2020Âπ¥„ÄÅDeep Learning„Çí„ÅØ„Åò„ÇÅ„Åæ„Åó„Çá„ÅÜÔºÅ,0,2020-01-13,48,deep+learning
852,Machine Learning / Computer Vision-based Visual Quality Inspection,1,2020-01-13,5,deep+learning
853,Kart Racing Game with Machine Learning in Unity! (Tutorial),1,2020-01-11,184,deep+learning
854,Deep Learning State of the Art (2020) | MIT Deep Learning Series,0,2020-01-10,774,deep+learning
855,Mathematics for Machine Learning [Full Course] | Essential Math for Machine Learning | Edureka,0,2020-01-10,88,deep+learning
856,"Lecture 2: Machine Learning 1 - Linear Classifiers, SGD | Stanford CS221: AI (Autumn 2019)",0,2020-01-08,32,deep+learning
857,O que √© Deep Learning? #HipstersPontoTube,0,2020-01-08,10,deep+learning
858,"Introduction to Artificial Intelligence, Machine Learning, Deep Learning in Telugu | Vamsi Bhavani",0,2020-01-08,21,deep+learning
859,EM Algorithm In Machine Learning | Expectation-Maximization | Machine Learning Tutorial | Edureka,0,2020-01-07,15,deep+learning
860,1- Deep Learning (for Audio) with Python: Course Overview,1,2020-01-06,25,deep+learning
861,36C3 -  Der Deep Learning Hype,0,2019-12-28,39,deep+learning
862,Overfitting in Machine Learning  | Python Tutorial |  Machine Learning Tutorial | Edureka,0,2019-12-23,12,deep+learning
863,Stock Price Prediction Using Python & Machine Learning,1,2019-12-21,402,deep+learning
864,How Machine Learning Drives the Deceptive World of Deepfakes,1,2019-12-15,242,deep+learning
865,Machine Learning Tutorial | Learn Machine Learning | Intellipaat,0,2019-12-13,217,deep+learning
866,Yoshua Bengio: From System 1 Deep Learning to System 2 Deep Learning (NeurIPS 2019),0,2019-12-12,24,deep+learning
867,Yoshua Bengio | From System 1 Deep Learning to System 2 Deep Learning | NeurIPS 2019,0,2019-12-11,29,deep+learning
868,Credit Card Fraud Detection | Project In Machine Learning | Intellipaat,1,2019-12-06,25,deep+learning
869,Machine Learning Jobs | Introduction to Machine Learning,0,2019-12-06,18,deep+learning
870,Unsupervised Learning | Clustering and Association Algorithms in Machine Learning | @edureka!,1,2019-12-05,28,deep+learning
871,Machine Learning Fundamentals: Sensitivity and Specificity,0,2019-12-02,65,deep+learning
872,"Noam Chomsky: Language, Cognition, and Deep Learning | Lex Fridman Podcast #53",0,2019-11-29,255,deep+learning
873,Best Laptop for Machine Learning and Deep Learning | Machine Learning Training | Edureka,0,2019-11-27,52,deep+learning
874,AI VS ML VS DL VS Data Science,0,2019-11-26,813,deep+learning
875,Machine Learning magic for your web application with TensorFlow.js (Chrome Dev Summit 2019),0,2019-11-25,47,deep+learning
876,Nick Neiman - Deep Learning (Original Mix) CIM035,0,2019-11-24,1,deep+learning
877,Python Machine Learning & AI Mega Course - Learn 4 Different Areas of ML & AI,0,2019-11-23,261,deep+learning
878,Learn biochemistry with me (Deep Learning Biology),0,2019-11-17,720,deep+learning
879,Top 10 Books for Machine Learning | Best Machine Learning Books for Beginners And Advanced | Edureka,0,2019-11-14,25,deep+learning
880,Nazirini‚Äôs story - using machine learning to tackle crop disease,0,2019-11-13,27,deep+learning
881,Azure Machine Learning Studio,0,2019-11-12,11,deep+learning
882,"Bjarne Stroustrup: Deep Learning, Software 2.0, and Fuzzy Programming",0,2019-11-09,32,deep+learning
883,Machine Learning: Tutorial pr√°tico usando apenas o navegador (√© sensacional!!!),0,2019-11-08,101,deep+learning
884,TESLA T4 vs RTX 2070 | Deep learning benchmark 2019,0,2019-11-03,18,deep+learning
885,Introducing Deep Learning NVR DVA3219 | Synology,0,2019-11-01,15,deep+learning
886,What is Azure Machine Learning service and how data scientists use it,0,2019-10-28,17,deep+learning
887,This Guy Made a Machine Learning RuneScape PVP Bot,0,2019-10-26,655,deep+learning
888,L·ªô tr√¨nh h·ªçc Machine Learning/Deep Learning t·ª´ ƒë·∫ßu cho c√°c b·∫°n L·∫≠p Tr√¨nh Vi√™n,0,2019-10-23,14,deep+learning
889,Machine Learning on Arduino with TensorFlow Lite Micro,0,2019-10-18,32,deep+learning
890,Deep Learning Full Course üî• | Deep Learning Tutorial | Learn Deep Learning From Scratch| Simplilearn,0,2019-10-17,32,deep+learning
891,Interview With My Brother Who Sold His Startup For $60 Million | Machine Learning Engineer,0,2019-10-16,729,deep+learning
892,Deep Learning // Dicion√°rio do Programador,0,2019-10-14,13,deep+learning
893,How Did I Learn Deep Learning in 2.5 months?,0,2019-10-09,15,deep+learning
894,Training Convnet - Deep Learning and Neural Networks with Python and Pytorch p.6,0,2019-10-07,44,deep+learning
895,"Jeremy Howard: Deep Learning Frameworks - TensorFlow, PyTorch, fast.ai | AI Podcast Clips",0,2019-10-06,57,deep+learning
896,How Machine Learning Drives the Deceptive World of Deepfakes,1,2019-12-15,242,deep+learning
897,Machine Learning Tutorial | Learn Machine Learning | Intellipaat,0,2019-12-13,217,deep+learning
